url	first_seen	portal	title	company	status	location
https://job-boards.greenhouse.io/deepmind/jobs/7669433	2026-07-06	greenhouse-api	Research Engineer, Human Understanding	Google DeepMind	added	Los Angeles, California, US; Mountain View, California, US
https://job-boards.greenhouse.io/deepmind/jobs/7339890	2026-07-06	greenhouse-api	Research Engineer, Materials Science	Google DeepMind	added	Mountain View, California, US
https://job-boards.greenhouse.io/deepmind/jobs/7171371	2026-07-06	greenhouse-api	Research Engineer, Multimodal Reasoning For Information Literacy	Google DeepMind	added	Mountain View, California, US
https://job-boards.greenhouse.io/deepmind/jobs/7421111	2026-07-06	greenhouse-api	Research Scientist, Gemini Safety	Google DeepMind	added	Mountain View, California, US
https://job-boards.greenhouse.io/deepmind/jobs/7680885	2026-07-06	greenhouse-api	Research Scientist, Multimodal Alignment, Safety, and Fairness	Google DeepMind	added	Kirkland, Washington, US; Mountain View, California, US; New York City, New York, US
https://job-boards.greenhouse.io/scaleai/jobs/4625271005	2026-07-06	greenhouse-api	Engineering Manager, Agent Oversight	Scale AI	added	San Francisco, CA; New York, NY
https://job-boards.greenhouse.io/scaleai/jobs/4694861005	2026-07-06	greenhouse-api	Frontier Agents Engineer	Scale AI	added	San Francisco, CA; New York, NY
https://job-boards.greenhouse.io/scaleai/jobs/4661650005	2026-07-06	greenhouse-api	Machine Learning Fellow - Human Frontier Collective (Canada)	Scale AI	added	Canada
https://job-boards.greenhouse.io/scaleai/jobs/4660340005	2026-07-06	greenhouse-api	Machine Learning Fellow - Human Frontier Collective (US)	Scale AI	added	United States
https://job-boards.greenhouse.io/scaleai/jobs/4625345005	2026-07-06	greenhouse-api	Machine Learning Research Engineer, Agent Data Foundation - Enterprise GenAI	Scale AI	added	San Francisco, CA; New York, NY
https://job-boards.greenhouse.io/scaleai/jobs/4625344005	2026-07-06	greenhouse-api	Machine Learning Research Engineer, Agents - Enterprise GenAI	Scale AI	added	San Francisco, CA; New York, NY
https://job-boards.greenhouse.io/scaleai/jobs/4640096005	2026-07-06	greenhouse-api	Machine Learning Solutions Engineer – Robotics	Scale AI	added	San Francisco, CA
https://job-boards.greenhouse.io/scaleai/jobs/4625341005	2026-07-06	greenhouse-api	Machine Learning Systems Research Engineer, Agent Post-training - Enterprise GenAI	Scale AI	added	San Francisco, CA; New York, NY
https://job-boards.greenhouse.io/scaleai/jobs/4534631005	2026-07-06	greenhouse-api	ML Research Engineer, ML Systems	Scale AI	added	San Francisco, CA; Seattle, WA; New York, NY
https://job-boards.greenhouse.io/scaleai/jobs/4663053005	2026-07-06	greenhouse-api	ML Systems Engineer, Robotics	Scale AI	added	San Francisco, CA
https://job-boards.greenhouse.io/scaleai/jobs/4675684005	2026-07-06	greenhouse-api	Research Scientist, Agent Robustness	Scale AI	added	San Francisco, CA; New York, NY
https://job-boards.greenhouse.io/scaleai/jobs/4675694005	2026-07-06	greenhouse-api	Research Scientist, AI Controls and Monitoring	Scale AI	added	San Francisco, CA; New York, NY
https://job-boards.greenhouse.io/scaleai/jobs/4677657005	2026-07-06	greenhouse-api	Research Scientist, Frontier Risk Evaluations	Scale AI	added	San Francisco, CA; New York, NY
https://job-boards.greenhouse.io/scaleai/jobs/4696595005	2026-07-06	greenhouse-api	Research Scientist, Safety Post Training	Scale AI	added	San Francisco, CA; New York, NY
https://job-boards.greenhouse.io/scaleai/jobs/4702657005	2026-07-06	greenhouse-api	Safety Coordinator / Lab Lead	Scale AI	added	San Francisco, CA
https://job-boards.greenhouse.io/scaleai/jobs/4709281005	2026-07-06	greenhouse-api	Senior AI Product Manager, Healthcare Agents	Scale AI	added	San Francisco, CA; Seattle, WA; New York, NY
https://job-boards.greenhouse.io/scaleai/jobs/4602177005	2026-07-06	greenhouse-api	Senior Frontier Agent Engineering Manager, Enterprise	Scale AI	added	San Francisco, CA; New York, NY
https://job-boards.greenhouse.io/scaleai/jobs/4694863005	2026-07-06	greenhouse-api	Senior Frontier Agents Engineer	Scale AI	added	San Francisco, CA; New York, NY
https://job-boards.greenhouse.io/scaleai/jobs/4654897005	2026-07-06	greenhouse-api	Senior Software Engineer - Agentic Tooling & Productivity	Scale AI	added	San Francisco, CA
https://job-boards.greenhouse.io/scaleai/jobs/4694869005	2026-07-06	greenhouse-api	Senior Staff Frontier Agents Engineer	Scale AI	added	San Francisco, CA; New York, NY
https://job-boards.greenhouse.io/scaleai/jobs/4658162005	2026-07-06	greenhouse-api	Senior/Staff Machine Learning Research Engineer, General Agents, Enterprise GenAI	Scale AI	added	San Francisco, CA; New York, NY
https://job-boards.greenhouse.io/scaleai/jobs/4488520005	2026-07-06	greenhouse-api	Senior / Staff Machine Learning Research Scientist, Agents	Scale AI	added	San Francisco, CA; Seattle, WA; New York, NY
https://job-boards.greenhouse.io/scaleai/jobs/4658316005	2026-07-06	greenhouse-api	Senior Strategic Projects Lead, Robotics	Scale AI	added	San Francisco, CA
https://job-boards.greenhouse.io/scaleai/jobs/4618065005	2026-07-06	greenhouse-api	Software Engineer, Robotics & Autonomous Systems	Scale AI	added	San Francisco, CA
https://job-boards.greenhouse.io/scaleai/jobs/4710382005	2026-07-06	greenhouse-api	Solutions Engineer – Robotics & Autonomous Driving	Scale AI	added	San Francisco, CA; New York, NY
https://job-boards.greenhouse.io/scaleai/jobs/4694865005	2026-07-06	greenhouse-api	Staff Frontier Agents Engineer	Scale AI	added	San Francisco, CA; New York, NY
https://job-boards.greenhouse.io/scaleai/jobs/4625337005	2026-07-06	greenhouse-api	Staff Machine Learning Research Engineer, Agent Post-training - Enterprise GenAI	Scale AI	added	San Francisco, CA; New York, NY
https://job-boards.greenhouse.io/scaleai/jobs/4612403005	2026-07-06	greenhouse-api	Staff Product Manager, Agentic Platform	Scale AI	added	New York, NY; San Francisco, CA; Washington, DC
https://job-boards.greenhouse.io/scaleai/jobs/4702122005	2026-07-06	greenhouse-api	Strategic Projects Lead, Red Team	Scale AI	added	San Francisco, CA; New York, NY
https://job-boards.greenhouse.io/anthropic/jobs/5183044008	2026-07-06	greenhouse-api	Anthropic Fellows Program, AI Safety	Anthropic	added	London, UK; Ontario, CAN; Remote-Friendly, United States; San Francisco, CA
https://job-boards.greenhouse.io/anthropic/jobs/5183052008	2026-07-06	greenhouse-api	Anthropic Fellows Program, Reinforcement Learning	Anthropic	added	London, UK; Ontario, CAN; Remote-Friendly, United States; San Francisco, CA
https://job-boards.greenhouse.io/anthropic/jobs/5066977008	2026-07-06	greenhouse-api	Biological Safety Research Scientist	Anthropic	added	San Francisco, CA
https://job-boards.greenhouse.io/anthropic/jobs/5159608008	2026-07-06	greenhouse-api	Engineering Manager, Agent Prompts & Evals	Anthropic	added	San Francisco, CA | New York City, NY
https://job-boards.greenhouse.io/anthropic/jobs/5290837008	2026-07-06	greenhouse-api	Engineering Manager, Agent Runtime Platform	Anthropic	added	San Francisco, CA | Seattle, WA
https://job-boards.greenhouse.io/anthropic/jobs/5186067008	2026-07-06	greenhouse-api	Full-Stack Software Engineer, Reinforcement Learning	Anthropic	added	San Francisco, CA | New York City, NY
https://job-boards.greenhouse.io/anthropic/jobs/5209711008	2026-07-06	greenhouse-api	Manager, Applied AI Engineering	Anthropic	added	San Francisco, CA | New York City, NY
https://job-boards.greenhouse.io/anthropic/jobs/5277834008	2026-07-06	greenhouse-api	Manager, Applied AI Engineering, Beneficial Deployments (Life Sciences)	Anthropic	added	San Francisco, CA | New York City, NY
https://job-boards.greenhouse.io/anthropic/jobs/4949336008	2026-07-06	greenhouse-api	ML/Research Engineer, Safeguards	Anthropic	added	San Francisco, CA | New York City, NY
https://job-boards.greenhouse.io/anthropic/jobs/5254364008	2026-07-06	greenhouse-api	Research Engineer, Code RL (Reinforcement Learning)	Anthropic	added	San Francisco, CA | New York City, NY
https://job-boards.greenhouse.io/anthropic/jobs/5285246008	2026-07-06	greenhouse-api	Research Engineer, Computer Use	Anthropic	added	San Francisco, CA | New York City, NY | Seattle, WA
https://job-boards.greenhouse.io/anthropic/jobs/5025624008	2026-07-06	greenhouse-api	Research Engineer, Cybersecurity RL (Reinforcement Learning)	Anthropic	added	San Francisco, CA | New York City, NY
https://job-boards.greenhouse.io/anthropic/jobs/4669581008	2026-07-06	greenhouse-api	Research Engineer, Discovery	Anthropic	added	San Francisco, CA
https://job-boards.greenhouse.io/anthropic/jobs/5271380008	2026-07-06	greenhouse-api	Research Engineer, Domain Scaling	Anthropic	added	San Francisco, CA | New York City, NY | Seattle, WA
https://job-boards.greenhouse.io/anthropic/jobs/5071132008	2026-07-06	greenhouse-api	Research Engineer, Economic Research Data Platform	Anthropic	added	San Francisco, CA
https://job-boards.greenhouse.io/anthropic/jobs/4980430008	2026-07-06	greenhouse-api	Research Engineer, Interpretability	Anthropic	added	San Francisco, CA
https://job-boards.greenhouse.io/anthropic/jobs/5197337008	2026-07-06	greenhouse-api	Research Engineer, Knowledge Foundations	Anthropic	added	San Francisco, CA
https://job-boards.greenhouse.io/anthropic/jobs/4017331008	2026-07-06	greenhouse-api	Research Engineer, Knowledge Team	Anthropic	added	Remote-Friendly (Travel-Required) | San Francisco, CA | Seattle, WA | New York City, NY
https://job-boards.greenhouse.io/anthropic/jobs/5265365008	2026-07-06	greenhouse-api	Research Engineer, Life Sciences	Anthropic	added	San Francisco, CA
https://job-boards.greenhouse.io/anthropic/jobs/4613568008	2026-07-06	greenhouse-api	Research Engineer, Machine Learning (Reinforcement Learning)	Anthropic	added	San Francisco, CA | New York City, NY
https://job-boards.greenhouse.io/anthropic/jobs/5198108008	2026-07-06	greenhouse-api	Research Engineer, Machine Learning (RL Velocity)	Anthropic	added	Remote-Friendly (Travel-Required) | San Francisco, CA | New York City, NY
https://job-boards.greenhouse.io/anthropic/jobs/5160330008	2026-07-06	greenhouse-api	Research Engineer, Performance RL (Reinforcement Learning)	Anthropic	added	San Francisco, CA
https://job-boards.greenhouse.io/anthropic/jobs/4938432008	2026-07-06	greenhouse-api	Research Engineer, Pretraining Scaling	Anthropic	added	San Francisco, CA
https://job-boards.greenhouse.io/anthropic/jobs/4613592008	2026-07-06	greenhouse-api	Research Engineer, Production Model Post-Training	Anthropic	added	San Francisco, CA | New York City, NY | Seattle, WA
https://job-boards.greenhouse.io/anthropic/jobs/5074815008	2026-07-06	greenhouse-api	Research Engineer/Research Scientist, Audio	Anthropic	added	San Francisco, CA
https://job-boards.greenhouse.io/anthropic/jobs/4616971008	2026-07-06	greenhouse-api	Research Engineer/Research Scientist, Pre-training	Anthropic	added	Remote-Friendly (Travel-Required) | San Francisco, CA | Seattle, WA | New York City, NY
https://job-boards.greenhouse.io/anthropic/jobs/4951814008	2026-07-06	greenhouse-api	Research Engineer / Research Scientist, Tokens	Anthropic	added	New York City, NY; New York City, NY | Seattle, WA; San Francisco, CA
https://job-boards.greenhouse.io/anthropic/jobs/5278065008	2026-07-06	greenhouse-api	Research Engineer, Rule of Law	Anthropic	added	San Francisco, CA
https://job-boards.greenhouse.io/anthropic/jobs/5191785008	2026-07-06	greenhouse-api	Research Engineer, Safeguards Labs	Anthropic	added	San Francisco, CA | New York City, NY
https://job-boards.greenhouse.io/anthropic/jobs/4631822008	2026-07-06	greenhouse-api	Research Engineer / Scientist, Alignment	Anthropic	added	San Francisco, CA
https://job-boards.greenhouse.io/anthropic/jobs/5076477008	2026-07-06	greenhouse-api	Research Engineer / Scientist, Frontier Red Team (Cyber)	Anthropic	added	San Francisco, CA
https://job-boards.greenhouse.io/anthropic/jobs/5061517008	2026-07-06	greenhouse-api	Research Engineer, Universes	Anthropic	added	Remote-Friendly (Travel-Required) | San Francisco, CA | Seattle, WA | New York City, NY
https://job-boards.greenhouse.io/anthropic/jobs/5074217008	2026-07-06	greenhouse-api	Research Engineer, Visual Knowledge Work	Anthropic	added	New York City, NY; San Francisco, CA; Seattle, WA
https://job-boards.greenhouse.io/anthropic/jobs/4980427008	2026-07-06	greenhouse-api	Research Scientist, Interpretability	Anthropic	added	San Francisco, CA
https://job-boards.greenhouse.io/anthropic/jobs/5239733008	2026-07-06	greenhouse-api	Research Scientist, Life Sciences	Anthropic	added	San Francisco, CA
https://job-boards.greenhouse.io/anthropic/jobs/5137183008	2026-07-06	greenhouse-api	Safeguards Enforcement Analyst, Safety Evaluations	Anthropic	added	Remote-Friendly (Travel-Required) | San Francisco, CA | Washington, DC; San Francisco, CA | New York City, NY
https://job-boards.greenhouse.io/anthropic/jobs/4593216008	2026-07-06	greenhouse-api	Staff Research Engineer, Discovery Team	Anthropic	added	San Francisco, CA
https://job-boards.greenhouse.io/anthropic/jobs/5251671008	2026-07-06	greenhouse-api	Staff Software Engineer, Safeguards Evals	Anthropic	added	San Francisco, CA | New York City, NY
https://job-boards.greenhouse.io/anthropic/jobs/5108695008	2026-07-06	greenhouse-api	Technical Program Manager, Safeguards (Infrastructure & Evals)	Anthropic	added	San Francisco, CA | New York City, NY | Seattle, WA
https://jobs.ashbyhq.com/cohere/0cf19dbd-bfa9-425f-a357-e2bd874bb489	2026-07-06	ashby-api	Data Annotation Specialist, Safety	Cohere	added	Canada · Calgary · Vancouver · Toronto · Montreal
https://jobs.ashbyhq.com/cohere/1a5925d0-41bd-4549-9b78-f427a2dda922	2026-07-06	ashby-api	Research Engineer	Cohere	added	Toronto
https://jobs.ashbyhq.com/cohere/1d1b300d-254b-48c4-958f-99c6b907f295	2026-07-06	ashby-api	Product Manager, Agent Harness & Modelling	Cohere	added	Toronto · London · United Kingdom · New York · United States · Montreal · Canada
https://jobs.ashbyhq.com/cohere/1f7cc5e6-5f31-40d8-ad49-fe22c98a3ea4	2026-07-06	ashby-api	Senior Member of Technical Staff, Safety and Security for Agents	Cohere	added	London · New York · United States · Edinburgh · United Kingdom · Paris · France · Toronto · Canada · Montreal
https://jobs.ashbyhq.com/cohere/1fa01a03-9253-4f62-8f10-0fe368b38cb9	2026-07-06	ashby-api	Forward Deployed Engineer, Agentic Platform (West Coast)	Cohere	added	San Francisco · Salt Lake City · United States · Phoenix · Seattle · Los Angeles · Vancouver · Canada
https://jobs.ashbyhq.com/cohere/2d4d224f-94d4-40ce-88d5-5d340bc0da4e	2026-07-06	ashby-api	Senior Research Engineer - Safety Tooling and Data	Cohere	added	New York
https://jobs.ashbyhq.com/cohere/4a3c3eb2-ae2e-4a86-a677-7bdecbc7d76e	2026-07-06	ashby-api	Software Engineer, Agents & Automations	Cohere	added	London · Europe · European Union · Canada · United States · San Francisco
https://jobs.ashbyhq.com/cohere/554a9380-ab50-4338-88a9-c6b8ab19d92e	2026-07-06	ashby-api	Member of Technical Staff, Post-Training	Cohere	added	London · San Francisco · United States · New York · Paris · France · Toronto · Canada · Montreal
https://jobs.ashbyhq.com/cohere/582c4a60-14a2-49d5-b4d3-24c4ec50508d	2026-07-06	ashby-api	Senior Technical Program Manager, Machine Learning Infrastructure	Cohere	added	Canada · Europe · European Union · United States · San Francisco
https://jobs.ashbyhq.com/cohere/61703710-4379-42fd-a508-946f2a5fb6bc	2026-07-06	ashby-api	Member of Technical Staff, Data Analysis and Evaluation	Cohere	added	London · San Francisco · United States · New York · Paris · France · Toronto · Canada · Montreal
https://jobs.ashbyhq.com/cohere/70664617-84f6-4ee8-a4f6-4037ebfda9db	2026-07-06	ashby-api	Senior Software Engineer, Agent Infrastructure	Cohere	added	Toronto · Canada · United States · San Francisco
https://jobs.ashbyhq.com/cohere/70a8dc77-ac84-4790-aff6-13b4dcd4554a	2026-07-06	ashby-api	Member of Technical Staff, Agent Code	Cohere	added	London · Europe · European Union · New York · United States · Paris · France · Toronto · Canada
https://jobs.ashbyhq.com/cohere/7ec9eaf4-8cfc-4977-9041-86f73e7ab10b	2026-07-06	ashby-api	Senior Research Scientist, Cohere Labs	Cohere	added	London · Europe · European Union · Canada · United States · San Francisco · United Kingdom
https://jobs.ashbyhq.com/cohere/830c613b-d4bf-4673-ab33-46ccc12cc415	2026-07-06	ashby-api	Senior Research Scientist, Model Evaluation	Cohere	added	Toronto · San Francisco · United States · Canada · Seattle · London · United Kingdom · New York
https://jobs.ashbyhq.com/cohere/a5bbd015-65a9-48a1-aab1-b266bdbc9905	2026-07-06	ashby-api	Senior Software Engineer, Security Agents	Cohere	added	Toronto · San Francisco · United States · New York · Montreal · Canada
https://jobs.ashbyhq.com/cohere/a8122632-cc3b-4a1a-bd78-4b4b9466cb38	2026-07-06	ashby-api	Product Manager, Safety Research	Cohere	added	United States · Europe · European Union · New York · Toronto · Canada
https://jobs.ashbyhq.com/cohere/b0bcef37-1d20-414f-aade-c54942d63df9	2026-07-06	ashby-api	Forward Deployed Engineer, Agentic Platform	Cohere	added	United States · Canada · New York · Ottawa · Toronto · Montreal
https://jobs.ashbyhq.com/cohere/c80f0fe9-3fc4-49fe-9f26-a7115350b1fc	2026-07-06	ashby-api	Staff Research Engineer, Model Efficiency	Cohere	added	New York · San Francisco · United States · Toronto · Canada · Montreal
https://jobs.ashbyhq.com/cohere/cb5d588c-5637-423a-968b-bf637ee2caf9	2026-07-06	ashby-api	Senior Research Engineer, Model Evaluation	Cohere	added	Toronto · San Francisco · United States · Canada · Seattle · London · United Kingdom · New York
https://jobs.ashbyhq.com/cohere/e9ef9420-88e5-403b-82e8-1c36fa010d4d	2026-07-06	ashby-api	Member of Technical Staff, Integration/RL Team (Research Engineer)	Cohere	added	Paris · London · United Kingdom · New York · United States · Toronto · Canada · Montreal
https://boards.greenhouse.io/apptronik/jobs/6008466004?gh_jid=6008466004	2026-07-06	greenhouse-api	Director of Product Safety	Apptronik	added	Sunnyvale, CA
https://boards.greenhouse.io/apptronik/jobs/6001229004?gh_jid=6001229004	2026-07-06	greenhouse-api	Hardware Simulation Manager	Apptronik	added	Austin, TX
https://boards.greenhouse.io/apptronik/jobs/5995524004?gh_jid=5995524004	2026-07-06	greenhouse-api	Mechanical Engineer – Thermal Simulation & Analysis	Apptronik	added	Austin, TX
https://boards.greenhouse.io/apptronik/jobs/5988482004?gh_jid=5988482004	2026-07-06	greenhouse-api	Robotics Test Engineer	Apptronik	added	Onsite - Austin, TX
https://boards.greenhouse.io/apptronik/jobs/6000534004?gh_jid=6000534004	2026-07-06	greenhouse-api	Senior Mechanical Engineer – Structural Simulation & Analysis	Apptronik	added	Austin, TX
https://boards.greenhouse.io/apptronik/jobs/6001624004?gh_jid=6001624004	2026-07-06	greenhouse-api	Senior Mechanical Engineer – Thermal Simulation & Analysis	Apptronik	added	Austin, TX
https://boards.greenhouse.io/apptronik/jobs/5678268004?gh_jid=5678268004	2026-07-06	greenhouse-api	Senior Perception Learning Engineer	Apptronik	added	Sunnyvale, CA
https://boards.greenhouse.io/apptronik/jobs/6013277004?gh_jid=6013277004	2026-07-06	greenhouse-api	Senior Perception Learning Engineer - SLAM	Apptronik	added	Sunnyvale, C A
https://boards.greenhouse.io/apptronik/jobs/6007496004?gh_jid=6007496004	2026-07-06	greenhouse-api	Senior Product Manager - Simulation	Apptronik	added	Mountain View, California
https://boards.greenhouse.io/apptronik/jobs/5813673004?gh_jid=5813673004	2026-07-06	greenhouse-api	Senior Reinforcement Learning Engineer	Apptronik	added	Austin, TX
https://boards.greenhouse.io/apptronik/jobs/6099716004?gh_jid=6099716004	2026-07-06	greenhouse-api	Senior Robot Platform Software Engineer, Perception Systems	Apptronik	added	Austin, TX
https://boards.greenhouse.io/apptronik/jobs/6085871004?gh_jid=6085871004	2026-07-06	greenhouse-api	Senior Simulation Engineer - Core Simulation Platform	Apptronik	added	Sunnyvale, CA
https://boards.greenhouse.io/apptronik/jobs/6008250004?gh_jid=6008250004	2026-07-06	greenhouse-api	Senior Simulation Engineer - Scan2Sim and Asset Library	Apptronik	added	Austin, TX
https://boards.greenhouse.io/apptronik/jobs/6001635004?gh_jid=6001635004	2026-07-06	greenhouse-api	Staff Mechanical Engineer – Thermal Simulation & Analysis	Apptronik	added	Austin, TX
https://boards.greenhouse.io/apptronik/jobs/5988546004?gh_jid=5988546004	2026-07-06	greenhouse-api	Staff Perception Hardware Engineer	Apptronik	added	Austin, TX
https://boards.greenhouse.io/apptronik/jobs/5988662004?gh_jid=5988662004	2026-07-06	greenhouse-api	Staff Power Systems Safety Engineer	Apptronik	added	Austin, TX
https://boards.greenhouse.io/apptronik/jobs/6104146004?gh_jid=6104146004	2026-07-06	greenhouse-api	Staff Simulation Engineer - Core Simulation Platform	Apptronik	added	Sunnyvale, CA
https://boards.greenhouse.io/apptronik/jobs/5995710004?gh_jid=5995710004	2026-07-06	greenhouse-api	Staff Simulation Engineer - Dexterity	Apptronik	added	Austin, TX
https://boards.greenhouse.io/apptronik/jobs/6016728004?gh_jid=6016728004	2026-07-06	greenhouse-api	Staff Systems Engineer - Perception	Apptronik	added	Austin, TX or Sunnyvale, CA
https://apply.workable.com/huggingface/jobs/view/81B46579FE	2026-07-06	workable-api	Open-Source Machine Learning Engineer - EMEA Remote	Hugging Face	added	Paris, France (Remote)
https://apply.workable.com/huggingface/jobs/view/19A136F8E2	2026-07-06	workable-api	Open-Source Machine Learning Engineer - US Remote	Hugging Face	added	New York, United States (Remote)
https://jobs.ashbyhq.com/openai/0166f2cc-763b-41d7-9843-e5bc2e9ea5ed	2026-07-06	ashby-api	Program Manager, Safety	OpenAI	added	San Francisco
https://jobs.ashbyhq.com/openai/01f5e531-4de9-4258-9662-7ad4bdf96ddd	2026-07-06	ashby-api	Research Program Manager, Alignment	OpenAI	added	San Francisco
https://jobs.ashbyhq.com/openai/09253a0e-a2b8-49d1-80bb-6955ba3b08a3	2026-07-06	ashby-api	Research Engineer/Scientist - Human Alignment, Consumer Devices	OpenAI	added	San Francisco
https://jobs.ashbyhq.com/openai/16ae0f82-e390-453e-b175-0655f1b0fc67	2026-07-06	ashby-api	Researcher, Alignment Oversight	OpenAI	added	San Francisco
https://jobs.ashbyhq.com/openai/171ebca6-de53-4d6e-a312-30332f353957	2026-07-06	ashby-api	Research Engineer/Research Scientist - Personal AGI, North Stars	OpenAI	added	San Francisco
https://jobs.ashbyhq.com/openai/1906c058-7610-4cf2-b5ed-ae7f4b6a16ca	2026-07-06	ashby-api	Data Scientist, Safety Systems	OpenAI	added	San Francisco
https://jobs.ashbyhq.com/openai/19b9af1a-6a6e-42e3-824b-a9f3794fef2b	2026-07-06	ashby-api	Abuse Investigator - Child Safety	OpenAI	added	San Francisco · Remote - US · United States
https://jobs.ashbyhq.com/openai/1b65e981-2cd2-408d-8351-2e2fb1351033	2026-07-06	ashby-api	Strategic Operations Lead, User Safety & Risk Operations	OpenAI	added	San Francisco
https://jobs.ashbyhq.com/openai/1bec5fd1-9cf2-4678-a82d-2d06385718b2	2026-07-06	ashby-api	Security Preparedness Lead, Coding Agents	OpenAI	added	San Francisco
https://jobs.ashbyhq.com/openai/1c516e9f-c97d-4a40-8529-9871dac615a5	2026-07-06	ashby-api	Research Engineer / Research Scientist- Personal AGI (Post Training)	OpenAI	added	San Francisco
https://jobs.ashbyhq.com/openai/20d85859-8f7e-4e13-a992-b801a34780e5	2026-07-06	ashby-api	Researcher, Recursive Self-Improvement Safety	OpenAI	added	San Francisco
https://jobs.ashbyhq.com/openai/23662a5c-43c3-4754-a6e0-30f8cbf6d681	2026-07-06	ashby-api	Analytics Engineer, Safety Systems	OpenAI	added	San Francisco
https://jobs.ashbyhq.com/openai/240d459b-696d-43eb-8497-fab3e56ecd9b	2026-07-06	ashby-api	Research Engineer	OpenAI	added	San Francisco
https://jobs.ashbyhq.com/openai/24f3c017-d844-4df1-bc52-71f95b6e731d	2026-07-06	ashby-api	Device Safety & Risk Operations Specialist, User Safety & Risk Operations	OpenAI	added	San Francisco
https://jobs.ashbyhq.com/openai/250c5184-edb5-49eb-bb7e-1ddb47f1140d	2026-07-06	ashby-api	Quantitative UX Researcher	OpenAI	added	San Francisco
https://jobs.ashbyhq.com/openai/2560ed50-5535-42b8-b069-9ebc28ce7493	2026-07-06	ashby-api	Researcher, Robustness & Safety Training	OpenAI	added	San Francisco
https://jobs.ashbyhq.com/openai/26e8c199-7dcb-4144-b263-f35220421a6d	2026-07-06	ashby-api	Trust & Safety Operations Analyst, Ads	OpenAI	added	San Francisco
https://jobs.ashbyhq.com/openai/273b4c99-273e-4a70-aff9-19c0d959dcef	2026-07-06	ashby-api	Technical Lead, Safety Research	OpenAI	added	San Francisco
https://jobs.ashbyhq.com/openai/2c3ab9f8-e7d0-48b7-9817-afe1b6ddece2	2026-07-06	ashby-api	3D Printing Lab Technician, Robotics	OpenAI	added	San Francisco
https://jobs.ashbyhq.com/openai/2d7f1028-ce9b-49c7-acc8-782714ca1cf4	2026-07-06	ashby-api	Full Stack Software Engineer, Agent Enablement	OpenAI	added	San Francisco
https://jobs.ashbyhq.com/openai/3302ceaf-f6ca-4803-9846-7fff7ad48a0d	2026-07-06	ashby-api	Agent Post-Training, Personality	OpenAI	added	San Francisco
https://jobs.ashbyhq.com/openai/34c2ed3f-840f-4a68-9a00-0a0606660abf	2026-07-06	ashby-api	Agent Post-Training, Computer Use Research	OpenAI	added	San Francisco
https://jobs.ashbyhq.com/openai/3723ec14-404b-4b36-bf8a-d953781143a3	2026-07-06	ashby-api	Analytics & Automation Lead, User Safety & Risk Operations	OpenAI	added	San Francisco
https://jobs.ashbyhq.com/openai/39cd0dd8-520d-4932-80bf-7495a1d1d11b	2026-07-06	ashby-api	Simulation Applications Engineer	OpenAI	added	San Francisco
https://jobs.ashbyhq.com/openai/3c2d1178-777f-4613-a084-75a3d37cd1af	2026-07-06	ashby-api	Inference Engineer, Robotics	OpenAI	added	San Francisco
https://jobs.ashbyhq.com/openai/3d064454-c0c3-4225-bc2c-6d8c0f8735b2	2026-07-06	ashby-api	Backend Software Engineer (Evals)	OpenAI	added	San Francisco · Seattle · United States
https://jobs.ashbyhq.com/openai/3f99bfef-5b1a-48ea-aed0-2dbd57b12722	2026-07-06	ashby-api	Firmware Engineer, Robotics	OpenAI	added	San Francisco
https://jobs.ashbyhq.com/openai/3fc46cbc-7e5a-4edc-96dc-ca433e76d181	2026-07-06	ashby-api	Researcher, Frontier Biological and Chemical Risks	OpenAI	added	San Francisco
https://jobs.ashbyhq.com/openai/40a02dc5-a57b-4db4-be75-139aa23b33a1	2026-07-06	ashby-api	Researcher, Alignment Training	OpenAI	added	San Francisco
https://jobs.ashbyhq.com/openai/4509797c-7e8b-4bfd-a68e-fb3fd90d2433	2026-07-06	ashby-api	IC Agentic Engineering Manager - Stargate	OpenAI	added	San Francisco
https://jobs.ashbyhq.com/openai/454dfbeb-69f5-4ee2-9f8f-963359400ad9	2026-07-06	ashby-api	Product Manager, Bio Safety	OpenAI	added	San Francisco
https://jobs.ashbyhq.com/openai/4a13c764-18c3-4076-ac87-29e05491be07	2026-07-06	ashby-api	Machine Learning Engineer, Distributed Data Systems - Robotics	OpenAI	added	San Francisco
https://jobs.ashbyhq.com/openai/4acc3515-887f-4bc9-8c2a-00f36ae480c3	2026-07-06	ashby-api	Agent Post-Training Research	OpenAI	added	San Francisco
https://jobs.ashbyhq.com/openai/577e6673-0a4a-491b-9a0d-facbdd3bdf3c	2026-07-06	ashby-api	Applied AI Engineer, Codex Core Agent	OpenAI	added	San Francisco · New York City · New York · United States · Seattle · London, UK · London · United Kingdom
https://jobs.ashbyhq.com/openai/5931abef-191b-417e-89f1-1d06f00e908c	2026-07-06	ashby-api	ML Research Engineer - Hardware Codesign	OpenAI	added	San Francisco
https://jobs.ashbyhq.com/openai/5f0c6579-0bfb-4a06-8a43-1dd371499e10	2026-07-06	ashby-api	Research Scientist	OpenAI	added	San Francisco
https://jobs.ashbyhq.com/openai/60d3700b-ba82-4fa6-a6bb-7b2b67070510	2026-07-06	ashby-api	Researcher, Synthetic RL	OpenAI	added	San Francisco
https://jobs.ashbyhq.com/openai/6897d024-88c1-43ed-adb8-5d2fc5eec984	2026-07-06	ashby-api	Agent Post-Training, Artifacts Research	OpenAI	added	San Francisco
https://jobs.ashbyhq.com/openai/71acba5c-dbae-406f-b983-f40943c43068	2026-07-06	ashby-api	Researcher, Trustworthy AI	OpenAI	added	San Francisco
https://jobs.ashbyhq.com/openai/7322d344-9325-4a92-8445-0a2c4e9272f8	2026-07-06	ashby-api	Research Engineer, Retrieval & Search, Applied Engineering	OpenAI	added	San Francisco
https://jobs.ashbyhq.com/openai/73e59b84-2e87-4637-8c4a-d271784afb30	2026-07-06	ashby-api	GTM Growth Product Manager, Agentic Systems	OpenAI	added	San Francisco
https://jobs.ashbyhq.com/openai/793964ae-d40b-45e3-9798-84f4b6da48c5	2026-07-06	ashby-api	Research Engineer, Codex	OpenAI	added	San Francisco
https://jobs.ashbyhq.com/openai/7ade7a12-845c-4e3a-af23-c028420bd181	2026-07-06	ashby-api	Software Engineer, Codex Core Agents	OpenAI	added	San Francisco · New York City · New York · United States · Seattle · London, UK · London · United Kingdom
https://jobs.ashbyhq.com/openai/7d5fc066-7512-4440-a231-c7aece44bcd8	2026-07-06	ashby-api	Researcher, Misalignment Research	OpenAI	added	San Francisco
https://jobs.ashbyhq.com/openai/7e0c1731-a24a-4a75-9cda-2a0502f8e152	2026-07-06	ashby-api	Operations Program Manager - Robotics Data Acquisition	OpenAI	added	San Francisco
https://jobs.ashbyhq.com/openai/7e198d81-34e0-48b6-b64e-a501a75f9d53	2026-07-06	ashby-api	Research Engineer/Research Scientist, RL/Reasoning	OpenAI	added	San Francisco
https://jobs.ashbyhq.com/openai/7eb1ac08-5168-4eff-a96c-90ce0bfd3fde	2026-07-06	ashby-api	Technical Program Manager, Robotics Data Acquisition	OpenAI	added	San Francisco
https://jobs.ashbyhq.com/openai/809d22a7-bb04-446f-a409-da323a6c327e	2026-07-06	ashby-api	Lead Safety Engineer, Robotics	OpenAI	added	San Francisco
https://jobs.ashbyhq.com/openai/811eaa16-7a8e-48e6-8cfd-194330f1341d	2026-07-06	ashby-api	Biosafety Red Teaming Specialist	OpenAI	added	San Francisco · Seattle · United States · Remote - US
https://jobs.ashbyhq.com/openai/82492010-ea96-449d-9949-b726b1a22616	2026-07-06	ashby-api	Researcher, Alignment CoT Monitorability	OpenAI	added	San Francisco
https://jobs.ashbyhq.com/openai/826a1977-8ac8-41d7-b331-f73dbf787cfb	2026-07-06	ashby-api	Operations Enablement Program Manager, User Safety & Risk Operations	OpenAI	added	San Francisco
https://jobs.ashbyhq.com/openai/8eaa92fb-b908-4624-9b34-1ec7b5aa03d6	2026-07-06	ashby-api	Electrical Engineer, Robotics	OpenAI	added	San Francisco
https://jobs.ashbyhq.com/openai/90c711dc-5f50-46e3-a5ab-82359a56d683	2026-07-06	ashby-api	Data Scientist, Safety	OpenAI	added	San Francisco · New York City · New York · United States
https://jobs.ashbyhq.com/openai/941bad28-7abe-43c7-b20a-2bc7e5b3c6e8	2026-07-06	ashby-api	Researcher, Alignment	OpenAI	added	San Francisco
https://jobs.ashbyhq.com/openai/9685eb6d-8276-4111-be8c-fd1277ad4555	2026-07-06	ashby-api	Technical Program Manager, Safety Systems Engineering	OpenAI	added	San Francisco
https://jobs.ashbyhq.com/openai/97a7eeae-9625-4d00-874f-e50131f98369	2026-07-06	ashby-api	Researcher, Frontier Cybersecurity Risks	OpenAI	added	San Francisco
https://jobs.ashbyhq.com/openai/97d3670c-e75a-4bb2-a235-171765f5f10e	2026-07-06	ashby-api	Researcher, Training	OpenAI	added	San Francisco
https://jobs.ashbyhq.com/openai/9b11373c-1643-4ea6-bbcd-033d5b8a0d3e	2026-07-06	ashby-api	Researcher, Safety Oversight	OpenAI	added	San Francisco
https://jobs.ashbyhq.com/openai/9ba938cb-f0c3-4e01-a8ea-1019a8175201	2026-07-06	ashby-api	Prototyping Lab Technician, Robotics	OpenAI	added	San Francisco
https://jobs.ashbyhq.com/openai/9d72171e-2630-4347-83a1-263178644282	2026-07-06	ashby-api	Agent Post-Training, Frontier Evals and Environments Research	OpenAI	added	San Francisco
https://jobs.ashbyhq.com/openai/9e35d438-22bc-40a5-b80f-286c8197f9d5	2026-07-06	ashby-api	Researcher, Agent Post-Training, Personality	OpenAI	added	San Francisco
https://jobs.ashbyhq.com/openai/a0feb59d-e66b-4cc7-a685-7f9393d80fb6	2026-07-06	ashby-api	Researcher, Safety & Privacy	OpenAI	added	San Francisco
https://jobs.ashbyhq.com/openai/a6501870-774b-447f-8620-2b78854f9655	2026-07-06	ashby-api	Fullstack Engineer, Safety Engineering	OpenAI	added	San Francisco
https://jobs.ashbyhq.com/openai/a68045e3-1fa1-4dd1-8ef4-e87fac2416eb	2026-07-06	ashby-api	Researcher, Agent Post-Training, API & Power-Users	OpenAI	added	San Francisco
https://jobs.ashbyhq.com/openai/a6a421a5-0d3d-4f2f-9767-7c25b6e7d2fc	2026-07-06	ashby-api	Safety Transparency Editor, Safety Systems	OpenAI	added	San Francisco
https://jobs.ashbyhq.com/openai/ab9adae3-54b5-457e-9938-77d3278d91a5	2026-07-06	ashby-api	Agent Post-Training, Connectors Research	OpenAI	added	San Francisco
https://jobs.ashbyhq.com/openai/b9dee2a0-9bb3-447e-9bce-2b1bed784e5b	2026-07-06	ashby-api	Software Engineer, AI Safety	OpenAI	added	San Francisco
https://jobs.ashbyhq.com/openai/bb90d497-06ef-4bb9-878a-e797a19cd834	2026-07-06	ashby-api	Agent Post-Training, API & Power Users	OpenAI	added	San Francisco
https://jobs.ashbyhq.com/openai/bb97fffc-cdda-43a3-a6bc-234f9c031720	2026-07-06	ashby-api	Offensive Security Engineer, Agent Products	OpenAI	added	San Francisco · New York City · New York · United States · Seattle · Washington, DC · Washington · Remote - US
https://jobs.ashbyhq.com/openai/bba18df5-f30f-4d2c-909c-30e651f95579	2026-07-06	ashby-api	Research Engineer, Frontier Evals & Environments	OpenAI	added	San Francisco
https://jobs.ashbyhq.com/openai/bcbe08e3-9593-431d-bc99-37e35e035742	2026-07-06	ashby-api	Researcher, Health AI	OpenAI	added	San Francisco
https://jobs.ashbyhq.com/openai/bf7d2623-7846-410c-87f8-c628915ec16c	2026-07-06	ashby-api	Researcher, Automated Red Teaming	OpenAI	added	San Francisco
https://jobs.ashbyhq.com/openai/c1316397-25bb-4add-9e9d-0e3ea8ba929a	2026-07-06	ashby-api	Software Engineer, Agent Infrastructure	OpenAI	added	San Francisco · New York City · New York · United States
https://jobs.ashbyhq.com/openai/c44268f1-717b-4da3-9943-2557f7d739f0	2026-07-06	ashby-api	Researcher, Interpretability	OpenAI	added	San Francisco
https://jobs.ashbyhq.com/openai/d44c9f70-4aef-45a4-a36a-54fb65663ccb	2026-07-06	ashby-api	Research Engineer, Applied AI Engineering	OpenAI	added	San Francisco
https://jobs.ashbyhq.com/openai/d829b701-5ee2-414f-8596-ef94911a168a	2026-07-06	ashby-api	Researcher, Pretraining Safety	OpenAI	added	San Francisco
https://jobs.ashbyhq.com/openai/da07ba71-81fd-47c7-adb1-2b2d1eaed325	2026-07-06	ashby-api	Software Engineer, Distributed Data Systems - Robotics	OpenAI	added	San Francisco
https://jobs.ashbyhq.com/openai/de06790a-7243-4e33-a6f1-e7bd34009588	2026-07-06	ashby-api	AI Systems Engineer, Codex Agents	OpenAI	added	San Francisco
https://jobs.ashbyhq.com/openai/df3edefb-6a8b-4ef6-b183-b3f96051783e	2026-07-06	ashby-api	Agent Post-Training, Context Research	OpenAI	added	San Francisco
https://jobs.ashbyhq.com/openai/e0eef869-cd4d-4737-b7af-75c5a1970aeb	2026-07-06	ashby-api	Security Researcher, Agentic AI Threats	OpenAI	added	San Francisco
https://jobs.ashbyhq.com/openai/e1daa4e0-c42a-45a7-b9ee-559b35bfe08a	2026-07-06	ashby-api	Technical Lead Manager, Data Engineering, Trust & Safety	OpenAI	added	San Francisco
https://jobs.ashbyhq.com/openai/e2e59dcf-1017-45c5-8e6e-509a5812959b	2026-07-06	ashby-api	Simulation Realism Engineer	OpenAI	added	San Francisco
https://jobs.ashbyhq.com/openai/e4d0e517-4380-43f3-b5ee-1ce30a88539f	2026-07-06	ashby-api	Agentic Risk Analyst	OpenAI	added	San Francisco
https://jobs.ashbyhq.com/openai/e57d196b-4fa0-4463-bd33-d8189f0d3541	2026-07-06	ashby-api	Research Engineer / Research Scientist -Personal AGI, Proactivity	OpenAI	added	San Francisco
https://jobs.ashbyhq.com/openai/e9bea775-7eb6-438a-ab96-27d5f941e69d	2026-07-06	ashby-api	Security Engineer, Agent Security	OpenAI	added	San Francisco · Remote - US · United States
https://jobs.ashbyhq.com/openai/ecf1abec-898c-4acb-a984-42858836a1ff	2026-07-06	ashby-api	Machine Learning Engineer, Integrity	OpenAI	added	San Francisco
https://jobs.ashbyhq.com/openai/f6278b60-dd42-4aa8-a3cd-c105f75ae8ae	2026-07-06	ashby-api	Software Engineer, Cloud Agents	OpenAI	added	San Francisco
https://jobs.ashbyhq.com/openai/f6494cf8-efbc-4dbe-ae76-662088b4f32c	2026-07-06	ashby-api	Product Manager, Cyber Safety	OpenAI	added	San Francisco
https://jobs.ashbyhq.com/openai/fabfc6c5-57b5-49ba-aae9-e7dd5d7030ca	2026-07-06	ashby-api	Robotics Software Engineer	OpenAI	added	San Francisco
https://jobs.ashbyhq.com/openai/fbc7ebaf-3a26-406d-9ff6-f166f3e246a2	2026-07-06	ashby-api	Product Manager, Safety Measurement	OpenAI	added	San Francisco
https://jobs.ashbyhq.com/openai/fc38c6bf-5330-435c-99b6-1bcf1f5829a8	2026-07-06	ashby-api	Product Manager, API Agents	OpenAI	added	San Francisco
https://jobs.ashbyhq.com/openai/fec03292-5cbe-4f58-93db-14ce7d7e2827	2026-07-06	ashby-api	Researcher, Alignment Science	OpenAI	added	San Francisco
https://jobs.ashbyhq.com/poolside/d2b7c856-9d6f-44fe-b794-c0fc2691c9f4	2026-07-06	ashby-api	Member of Engineering (Reinforcement Learning)	Poolside	added	Remote (EMEA/East Coast)
https://jobs.ashbyhq.com/poolside/7662c253-27bf-4a64-a52a-ecd221887993	2026-07-06	ashby-api	Member of Engineering (Post-training)	Poolside	added	Remote (EMEA/East Coast)
https://jobs.ashbyhq.com/poolside/ba11fe78-f6f6-4165-b76b-020a46ad8fee	2026-07-06	ashby-api	Member of Engineering (Evaluations)	Poolside	added	Remote (EMEA/East Coast)
https://jobs.ashbyhq.com/poolside/df54a608-9fd9-4c09-aad1-7de71a0d487e	2026-07-06	ashby-api	Member of Engineering (Evaluations / Engineering)	Poolside	added	Remote (EMEA/East Coast)
https://jobs.ashbyhq.com/poolside/52fb1827-a825-456c-b772-5600b062ec91	2026-07-06	ashby-api	Member of Engineering (Reinforcement Learning Infrastructure)	Poolside	added	Remote (EMEA/East Coast)
https://job-boards.greenhouse.io/togetherai/jobs/4187681007	2026-07-06	greenhouse-api	AI Researcher, Core ML (Turbo)	Together AI	added	San Francisco
https://job-boards.greenhouse.io/togetherai/jobs/4687884007	2026-07-06	greenhouse-api	LLM Inference Frameworks and Optimization Engineer	Together AI	added	San Francisco, Singapore, Amsterdam
https://job-boards.greenhouse.io/togetherai/jobs/4385540007	2026-07-06	greenhouse-api	Machine Learning Engineer - Inference	Together AI	added	San Francisco
https://job-boards.greenhouse.io/togetherai/jobs/4384627007	2026-07-06	greenhouse-api	Research Engineer, Core ML	Together AI	added	San Francisco
https://job-boards.greenhouse.io/togetherai/jobs/4987660007	2026-07-06	greenhouse-api	Research Engineer, Frontier Speculative Decoding	Together AI	added	San Francisco, New York City
https://job-boards.greenhouse.io/togetherai/jobs/5088817007	2026-07-06	greenhouse-api	Senior Machine Learning Engineer, Voice AI	Together AI	added	San Francisco
https://job-boards.greenhouse.io/togetherai/jobs/5140763007	2026-07-06	greenhouse-api	Staff Machine Learning Engineer, Voice AI	Together AI	added	San Francisco
https://job-boards.greenhouse.io/togetherai/jobs/4188119007	2026-07-06	greenhouse-api	Systems Research Engineer, GPU Programming	Together AI	added	San Francisco
https://jobs.lever.co/dexterity/c09a7805-2a30-4f94-aaf4-4547fb619047	2026-07-06	lever-api	Head of Computer Vision and Machine Learning	Dexterity	added	Redwood City
https://jobs.lever.co/dexterity/906a4495-7ddb-40d1-9f58-d42308397f2c	2026-07-06	lever-api	Robotics Systems Test Engineer	Dexterity	added	Redwood City
https://jobs.lever.co/dexterity/db04a1c5-c1c5-4eee-ab5f-8527ab1b751b	2026-07-06	lever-api	Senior Functional Safety Engineer	Dexterity	added	Redwood City
https://jobs.lever.co/dexterity/6c8a6e37-c72a-4e93-92fe-04d3b6bcbc66	2026-07-06	lever-api	Senior Robotics Manipulation Engineer	Dexterity	added	Redwood City
https://jobs.lever.co/dexterity/c8a70b59-6dc2-4139-b3bf-758295777c98	2026-07-06	lever-api	Senior/Staff Machine Learning Engineer	Dexterity	added	Redwood City
https://nuro.ai/careersitem?gh_jid=7325349	2026-07-06	greenhouse-api	Autonomous Driving System Safety Lead	Nuro	added	Mountain View, California (HQ)
https://nuro.ai/careersitem?gh_jid=5434059	2026-07-06	greenhouse-api	Machine Learning Research Scientist, Behavior Planning and Prediction	Nuro	added	Mountain View, California (HQ)
https://nuro.ai/careersitem?gh_jid=5416913	2026-07-06	greenhouse-api	Machine Learning Research Scientist: Generative Modeling for Planning	Nuro	added	Mountain View, California (HQ)
https://nuro.ai/careersitem?gh_jid=7439020	2026-07-06	greenhouse-api	ML Research Scientist, Prediction & Smart Agents	Nuro	added	Mountain View, California (HQ)
https://nuro.ai/careersitem?gh_jid=7095296	2026-07-06	greenhouse-api	Senior ML Research Scientist, End-to-End Autonomous Driving	Nuro	added	Mountain View, California (HQ)
https://nuro.ai/careersitem?gh_jid=7389868	2026-07-06	greenhouse-api	Senior Software Engineer, Perception ML Data	Nuro	added	Mountain View, California (HQ)
https://nuro.ai/careersitem?gh_jid=5401358	2026-07-06	greenhouse-api	Senior Software Engineer, Simulation	Nuro	added	Mountain View, California (HQ)
https://nuro.ai/careersitem?gh_jid=6621871	2026-07-06	greenhouse-api	Senior/Staff Engineer, Machine Learning - Online Mapping	Nuro	added	Mountain View, California (HQ)
https://nuro.ai/careersitem?gh_jid=6121565	2026-07-06	greenhouse-api	Senior/Staff Machine Learning Research Scientist: Generative Modeling for Planning	Nuro	added	Mountain View, California (HQ)
https://nuro.ai/careersitem?gh_jid=7736012	2026-07-06	greenhouse-api	Sr. Software Engineer, Perception Data Infrastructure	Nuro	added	Mountain View, California (HQ)
https://nuro.ai/careersitem?gh_jid=7963886	2026-07-06	greenhouse-api	Technical Lead, Evaluation Infrastructure	Nuro	added	Mountain View, California (HQ)
https://nuro.ai/careersitem?gh_jid=7387173	2026-07-06	greenhouse-api	Technical Lead Manager, Autonomy Evaluation and Intelligence	Nuro	added	Mountain View, California (HQ)
https://aurora.tech/jobs/8571285002?gh_jid=8571285002	2026-07-06	greenhouse-api	Applied Researcher	Aurora	added	San Francisco, California
https://aurora.tech/jobs/8541112002?gh_jid=8541112002	2026-07-06	greenhouse-api	Director, Organizational Safety	Aurora	added	Pittsburgh, Pennsylvania
https://aurora.tech/jobs/8541165002?gh_jid=8541165002	2026-07-06	greenhouse-api	Environmental Health & Safety Specialist II	Aurora	added	Mountain View, California
https://aurora.tech/jobs/8360046002?gh_jid=8360046002	2026-07-06	greenhouse-api	Machine Learning Engineering TL, Behavior Planning	Aurora	added	Mountain View, California
https://aurora.tech/jobs/8284188002?gh_jid=8284188002	2026-07-06	greenhouse-api	Staff Safety Data Scientist, Safety Analysis	Aurora	added	Pittsburgh, Pennsylvania
https://aurora.tech/jobs/8571624002?gh_jid=8571624002	2026-07-06	greenhouse-api	Staff Software Engineer, Deep Learning Acceleration	Aurora	added	San Francisco, California
https://boards.greenhouse.io/andurilindustries/jobs/4768437007?gh_jid=4768437007	2026-07-06	greenhouse-api	Analytics Engineer, Test & Evaluation	Anduril	added	Costa Mesa, California, United States
https://boards.greenhouse.io/andurilindustries/jobs/5015755007?gh_jid=5015755007	2026-07-06	greenhouse-api	Environmental Health & Safety, Associate Manager	Anduril	added	McHenry, Mississippi, United States
https://boards.greenhouse.io/andurilindustries/jobs/5082537007?gh_jid=5082537007	2026-07-06	greenhouse-api	Explosives System Safety Engineer	Anduril	added	Costa Mesa, California, United States
https://boards.greenhouse.io/andurilindustries/jobs/5164952007?gh_jid=5164952007	2026-07-06	greenhouse-api	Functional Safety Engineer	Anduril	added	McHenry, Mississippi, United States
https://boards.greenhouse.io/andurilindustries/jobs/5154234007?gh_jid=5154234007	2026-07-06	greenhouse-api	HPC Systems Engineer, Modeling & Simulation	Anduril	added	Costa Mesa, California, United States
https://boards.greenhouse.io/andurilindustries/jobs/5108276007?gh_jid=5108276007	2026-07-06	greenhouse-api	Industrial Engineer, Production Controls & Simulation	Anduril	added	Costa Mesa, California, United States
https://boards.greenhouse.io/andurilindustries/jobs/4998882007?gh_jid=4998882007	2026-07-06	greenhouse-api	Machine Learning Research Engineer	Anduril	added	Washington, District of Columbia, United States
https://boards.greenhouse.io/andurilindustries/jobs/5023708007?gh_jid=5023708007	2026-07-06	greenhouse-api	Manager, CUAS Systems Safety Engineering	Anduril	added	Costa Mesa, California, United States
https://boards.greenhouse.io/andurilindustries/jobs/4955741007?gh_jid=4955741007	2026-07-06	greenhouse-api	Manager, Missiles System Safety Engineering	Anduril	added	Costa Mesa, California, United States
https://boards.greenhouse.io/andurilindustries/jobs/5175793007?gh_jid=5175793007	2026-07-06	greenhouse-api	Modeling and Simulation Engineer, Space	Anduril	added	El Segundo, California, United States
https://boards.greenhouse.io/andurilindustries/jobs/5156779007?gh_jid=5156779007	2026-07-06	greenhouse-api	Modeling, Simulation & Analysis (MSA) Engineer - HITL Focus	Anduril	added	Costa Mesa, California, United States
https://boards.greenhouse.io/andurilindustries/jobs/4777086007?gh_jid=4777086007	2026-07-06	greenhouse-api	Modeling, Simulation and Analysis Engineer, Air Dominance & Strike	Anduril	added	Costa Mesa, California, United States
https://boards.greenhouse.io/andurilindustries/jobs/5035828007?gh_jid=5035828007	2026-07-06	greenhouse-api	Modeling, Simulation and Analysis Engineer - Air Dominance & Strike - Advanced Effects	Anduril	added	Costa Mesa, California, United States
https://boards.greenhouse.io/andurilindustries/jobs/5151287007?gh_jid=5151287007	2026-07-06	greenhouse-api	Perception Engineer, Machine Learning	Anduril	added	Seattle, Washington, United States
https://boards.greenhouse.io/andurilindustries/jobs/5174111007?gh_jid=5174111007	2026-07-06	greenhouse-api	Program Manager, Advanced Threat Simulation (Active Clearance)	Anduril	added	Washington, District of Columbia, United States
https://boards.greenhouse.io/andurilindustries/jobs/5129327007?gh_jid=5129327007	2026-07-06	greenhouse-api	Program Manager, Safety and Standards	Anduril	added	Costa Mesa, California, United States
https://boards.greenhouse.io/andurilindustries/jobs/5148317007?gh_jid=5148317007	2026-07-06	greenhouse-api	Program Manager, Standards & Safety - Maritime	Anduril	added	Quincy, Massachusetts, United States
https://boards.greenhouse.io/andurilindustries/jobs/5178392007?gh_jid=5178392007	2026-07-06	greenhouse-api	Research Scientist	Anduril	added	Huntsville, Alabama, United States
https://boards.greenhouse.io/andurilindustries/jobs/5178310007?gh_jid=5178310007	2026-07-06	greenhouse-api	Research Scientist, Battlespace Awareness	Anduril	added	Broomfield, Colorado, United States
https://boards.greenhouse.io/andurilindustries/jobs/5178314007?gh_jid=5178314007	2026-07-06	greenhouse-api	Research Scientist, Battlespace Awarenss	Anduril	added	Waltham, Massachusetts, United States
https://boards.greenhouse.io/andurilindustries/jobs/5179580007?gh_jid=5179580007	2026-07-06	greenhouse-api	Robotics Software Engineer	Anduril	added	Boston, Massachusetts, United States
https://boards.greenhouse.io/andurilindustries/jobs/4674090007?gh_jid=4674090007	2026-07-06	greenhouse-api	Robotics Software Engineer, Air Vehicle Autonomy	Anduril	added	Seattle, Washington, United States
https://boards.greenhouse.io/andurilindustries/jobs/5121816007?gh_jid=5121816007	2026-07-06	greenhouse-api	Robotics Software Engineer, Behaviors	Anduril	added	Costa Mesa, California, United States
https://boards.greenhouse.io/andurilindustries/jobs/5047469007?gh_jid=5047469007	2026-07-06	greenhouse-api	Robotics Software Engineer, Maneuver Dominance	Anduril	added	Costa Mesa, California, United States
https://boards.greenhouse.io/andurilindustries/jobs/5051580007?gh_jid=5051580007	2026-07-06	greenhouse-api	Robotics Software Engineer, Maritime	Anduril	added	Costa Mesa, California, United States
https://boards.greenhouse.io/andurilindustries/jobs/5096506007?gh_jid=5096506007	2026-07-06	greenhouse-api	Robotics Software Engineer, Sensor Integration	Anduril	added	Costa Mesa, California, United States
https://boards.greenhouse.io/andurilindustries/jobs/4672892007?gh_jid=4672892007	2026-07-06	greenhouse-api	Robotics Software Engineer, Vehicle Software	Anduril	added	Costa Mesa, California, United States
https://boards.greenhouse.io/andurilindustries/jobs/5083521007?gh_jid=5083521007	2026-07-06	greenhouse-api	Robotics Software Engineer, Verification & Validation	Anduril	added	Costa Mesa, California, United States
https://boards.greenhouse.io/andurilindustries/jobs/5100344007?gh_jid=5100344007	2026-07-06	greenhouse-api	Robotics Software Integration Engineer, Mission Autonomy	Anduril	added	Costa Mesa, California, United States; Seattle, Washington, United States
https://boards.greenhouse.io/andurilindustries/jobs/5179750007?gh_jid=5179750007	2026-07-06	greenhouse-api	Senior Advanced Research Scientist	Anduril	added	Broomfield, Colorado, United States; Fort Collins, Colorado, United States
https://boards.greenhouse.io/andurilindustries/jobs/4588656007?gh_jid=4588656007	2026-07-06	greenhouse-api	Senior GNC Engineer, Robotics	Anduril	added	Costa Mesa, California, United States
https://boards.greenhouse.io/andurilindustries/jobs/4927589007?gh_jid=4927589007	2026-07-06	greenhouse-api	Senior Machine Learning Engineer, Sentry Tower	Anduril	added	Irvine, California, United States; Remote
https://boards.greenhouse.io/andurilindustries/jobs/5175794007?gh_jid=5175794007	2026-07-06	greenhouse-api	Senior Modeling and Simulation Engineer, Space	Anduril	added	El Segundo, California, United States
https://boards.greenhouse.io/andurilindustries/jobs/4777387007?gh_jid=4777387007	2026-07-06	greenhouse-api	Senior Modeling, Simulation and Analysis Engineer, Air Dominance & Strike	Anduril	added	Costa Mesa, California, United States
https://boards.greenhouse.io/andurilindustries/jobs/5037174007?gh_jid=5037174007	2026-07-06	greenhouse-api	Senior Modeling, Simulation and Analysis Engineer - Air Dominance & Strike - Advanced Effects	Anduril	added	Costa Mesa, California, United States
https://boards.greenhouse.io/andurilindustries/jobs/5178398007?gh_jid=5178398007	2026-07-06	greenhouse-api	Senior Research Scientist	Anduril	added	Fort Collins, Colorado, United States
https://boards.greenhouse.io/andurilindustries/jobs/5178401007?gh_jid=5178401007	2026-07-06	greenhouse-api	Senior Research Scientist	Anduril	added	Broomfield, Colorado, United States
https://boards.greenhouse.io/andurilindustries/jobs/5178340007?gh_jid=5178340007	2026-07-06	greenhouse-api	Senior Research Scientist, Battlespace Awareness	Anduril	added	Broomfield, Colorado, United States
https://boards.greenhouse.io/andurilindustries/jobs/5178342007?gh_jid=5178342007	2026-07-06	greenhouse-api	Senior Research Scientist, Battlespace Awareness	Anduril	added	Waltham, Massachusetts, United States
https://boards.greenhouse.io/andurilindustries/jobs/5040554007?gh_jid=5040554007	2026-07-06	greenhouse-api	Senior Robotics Engineer, Manufacturing Automation	Anduril	added	Costa Mesa, California, United States
https://boards.greenhouse.io/andurilindustries/jobs/5074293007?gh_jid=5074293007	2026-07-06	greenhouse-api	Senior Robotics Software Engineer	Anduril	added	Costa Mesa, California, United States
https://boards.greenhouse.io/andurilindustries/jobs/5047323007?gh_jid=5047323007	2026-07-06	greenhouse-api	Senior Robotics Software Engineer, Maritime	Anduril	added	Boston, Massachusetts, United States
https://boards.greenhouse.io/andurilindustries/jobs/5160042007?gh_jid=5160042007	2026-07-06	greenhouse-api	Senior Robotics Software Engineer, Sensor Fusion	Anduril	added	Costa Mesa, California, United States; Washington, District of Columbia, United States
https://boards.greenhouse.io/andurilindustries/jobs/4927598007?gh_jid=4927598007	2026-07-06	greenhouse-api	Senior Robotics Software Engineer, Sentry Tower	Anduril	added	Irvine, California, United States
https://boards.greenhouse.io/andurilindustries/jobs/4926677007?gh_jid=4926677007	2026-07-06	greenhouse-api	Senior Robotics Software Engineer, Vehicle Software	Anduril	added	Costa Mesa, California, United States
https://boards.greenhouse.io/andurilindustries/jobs/5124926007?gh_jid=5124926007	2026-07-06	greenhouse-api	Senior Software Engineer, Perception	Anduril	added	Costa Mesa, California, United States
https://boards.greenhouse.io/andurilindustries/jobs/5009095007?gh_jid=5009095007	2026-07-06	greenhouse-api	Senior Software Engineer, Robotics	Anduril	added	Irvine, California, United States
https://boards.greenhouse.io/andurilindustries/jobs/4932882007?gh_jid=4932882007	2026-07-06	greenhouse-api	Senior Software Engineer, Robotics	Anduril	added	Costa Mesa, California, United States
https://boards.greenhouse.io/andurilindustries/jobs/5178118007?gh_jid=5178118007	2026-07-06	greenhouse-api	Senior Software Engineer, Robotics Tracking and Fusion	Anduril	added	Waltham, Massachusetts, United States
https://boards.greenhouse.io/andurilindustries/jobs/5124091007?gh_jid=5124091007	2026-07-06	greenhouse-api	Senior Software Engineer, Simulation Integrations	Anduril	added	Seattle, Washington, United States
https://boards.greenhouse.io/andurilindustries/jobs/5088646007?gh_jid=5088646007	2026-07-06	greenhouse-api	Senior Software Engineer, Simulation Platform	Anduril	added	Costa Mesa, California, United States
https://boards.greenhouse.io/andurilindustries/jobs/5158066007?gh_jid=5158066007	2026-07-06	greenhouse-api	Senior System Safety Engineer	Anduril	added	Costa Mesa, California, United States
https://boards.greenhouse.io/andurilindustries/jobs/4925059007?gh_jid=4925059007	2026-07-06	greenhouse-api	Senior Technical Program Manager, Hardware Robotics, Air Dominance & Strike	Anduril	added	Costa Mesa, California, United States
https://boards.greenhouse.io/andurilindustries/jobs/5147145007?gh_jid=5147145007	2026-07-06	greenhouse-api	Senior Test and Evaluation Engineer - Mission Autonomy	Anduril	added	Costa Mesa, California, United States
https://boards.greenhouse.io/andurilindustries/jobs/5102501007?gh_jid=5102501007	2026-07-06	greenhouse-api	Senior Test & Evaluation Engineer, Cyber	Anduril	added	Costa Mesa, California, United States; Reston, Virginia, United States
https://boards.greenhouse.io/andurilindustries/jobs/5109708007?gh_jid=5109708007	2026-07-06	greenhouse-api	Senior Test & Evaluation Engineer, Titan	Anduril	added	Costa Mesa, California, United States
https://boards.greenhouse.io/andurilindustries/jobs/5174717007?gh_jid=5174717007	2026-07-06	greenhouse-api	Software Engineer, Agent Platform	Anduril	added	Washington, District of Columbia, United States
https://boards.greenhouse.io/andurilindustries/jobs/5145750007?gh_jid=5145750007	2026-07-06	greenhouse-api	Software Engineer, Modeling and Simulation, Space	Anduril	added	Colorado Springs, Colorado, United States
https://boards.greenhouse.io/andurilindustries/jobs/5062357007?gh_jid=5062357007	2026-07-06	greenhouse-api	Software Engineer - Modeling & Simulation	Anduril	added	Costa Mesa, California, United States
https://boards.greenhouse.io/andurilindustries/jobs/5165250007?gh_jid=5165250007	2026-07-06	greenhouse-api	Software Engineer, Perception	Anduril	added	Costa Mesa, California, United States
https://boards.greenhouse.io/andurilindustries/jobs/5102393007?gh_jid=5102393007	2026-07-06	greenhouse-api	Software Engineer, Robotics	Anduril	added	Irvine, California, United States
https://boards.greenhouse.io/andurilindustries/jobs/5178116007?gh_jid=5178116007	2026-07-06	greenhouse-api	Software Engineer, Robotics Tracking and Fusion	Anduril	added	Washington, District of Columbia, United States
https://boards.greenhouse.io/andurilindustries/jobs/5160996007?gh_jid=5160996007	2026-07-06	greenhouse-api	Software Engineer, Sensor Simulation	Anduril	added	Costa Mesa, California, United States
https://boards.greenhouse.io/andurilindustries/jobs/5120382007?gh_jid=5120382007	2026-07-06	greenhouse-api	Software Engineer - Simulation Fidelity	Anduril	added	Seattle, Washington, United States
https://boards.greenhouse.io/andurilindustries/jobs/5120250007?gh_jid=5120250007	2026-07-06	greenhouse-api	Software Engineer - Simulation Integrations	Anduril	added	Seattle, Washington, United States
https://boards.greenhouse.io/andurilindustries/jobs/5169881007?gh_jid=5169881007	2026-07-06	greenhouse-api	Space Special Projects, Research Scientist	Anduril	added	Reston, Virginia, United States
https://boards.greenhouse.io/andurilindustries/jobs/4995797007?gh_jid=4995797007	2026-07-06	greenhouse-api	Staff Machine Learning/MLOps Engineer	Anduril	added	Costa Mesa, California, United States
https://boards.greenhouse.io/andurilindustries/jobs/5175202007?gh_jid=5175202007	2026-07-06	greenhouse-api	Staff Red Team Engineer, Discovery	Anduril	added	Washington, District of Columbia, United States
https://boards.greenhouse.io/andurilindustries/jobs/5154528007?gh_jid=5154528007	2026-07-06	greenhouse-api	Staff Robotics Engineer, Manufacturing Automation	Anduril	added	Costa Mesa, California, United States
https://boards.greenhouse.io/andurilindustries/jobs/5179585007?gh_jid=5179585007	2026-07-06	greenhouse-api	Staff Robotics Software Engineer	Anduril	added	Boston, Massachusetts, United States
https://boards.greenhouse.io/andurilindustries/jobs/4946496007?gh_jid=4946496007	2026-07-06	greenhouse-api	Staff Robotics Software Engineer, Air Vehicle Autonomy	Anduril	added	Costa Mesa, California, United States; Washington, District of Columbia, United States
https://boards.greenhouse.io/andurilindustries/jobs/5051595007?gh_jid=5051595007	2026-07-06	greenhouse-api	Staff Robotics Software Engineer, Maritime	Anduril	added	Costa Mesa, California, United States
https://boards.greenhouse.io/andurilindustries/jobs/4932363007?gh_jid=4932363007	2026-07-06	greenhouse-api	Staff Software Engineer, Robotics	Anduril	added	Irvine, California, United States
https://boards.greenhouse.io/andurilindustries/jobs/5023706007?gh_jid=5023706007	2026-07-06	greenhouse-api	Staff Software Safety Engineer	Anduril	added	Costa Mesa, California, United States
https://boards.greenhouse.io/andurilindustries/jobs/5158758007?gh_jid=5158758007	2026-07-06	greenhouse-api	Staff System Safety Engineer	Anduril	added	Atlanta, Georgia, United States
https://boards.greenhouse.io/andurilindustries/jobs/4695037007?gh_jid=4695037007	2026-07-06	greenhouse-api	Staff Technical Program Manager, Hardware Robotics, Air Dominance & Strike	Anduril	added	Costa Mesa, California, United States
https://boards.greenhouse.io/andurilindustries/jobs/5158195007?gh_jid=5158195007	2026-07-06	greenhouse-api	Systems Safety Engineer	Anduril	added	Costa Mesa, California, United States
https://boards.greenhouse.io/andurilindustries/jobs/5145913007?gh_jid=5145913007	2026-07-06	greenhouse-api	Test and Evaluation Engineer - Mission Autonomy	Anduril	added	Costa Mesa, California, United States
https://boards.greenhouse.io/andurilindustries/jobs/5169054007?gh_jid=5169054007	2026-07-06	greenhouse-api	Test & Evaluation Engineer	Anduril	added	Quincy, Massachusetts, United States
https://boards.greenhouse.io/andurilindustries/jobs/5147719007?gh_jid=5147719007	2026-07-06	greenhouse-api	Test & Evaluation Engineer, Imaging	Anduril	added	Boulder, Colorado, United States
https://boards.greenhouse.io/andurilindustries/jobs/5095377007?gh_jid=5095377007	2026-07-06	greenhouse-api	Test & Evaluation Systems Integrator - Mission Autonomy	Anduril	added	San Clemente, California, United States
https://boards.greenhouse.io/andurilindustries/jobs/5091048007?gh_jid=5091048007	2026-07-06	greenhouse-api	Training Simulation Engineer	Anduril	added	Costa Mesa, California, United States
https://boards.greenhouse.io/andurilindustries/jobs/5087125007?gh_jid=5087125007	2026-07-06	greenhouse-api	Warhead Design Engineer - Modeling & Simulation	Anduril	added	Costa Mesa, California, United States
https://jobs.ashbyhq.com/cognition/72d3db28-07d3-4c28-b49f-1bdf6e8e0f10	2026-07-06	ashby-api	Research, Post-Training	Cognition	added	San Francisco
https://jobs.ashbyhq.com/cognition/811c3f5a-b26d-4162-b49b-93890a91794d	2026-07-06	ashby-api	Applied AI Engineer	Cognition	added	San Francisco · New York City · United States · London · United Kingdom
https://jobs.ashbyhq.com/cognition/b6f96827-ce14-44f4-98fa-b1b8640858b6	2026-07-06	ashby-api	Research Engineer, Infrastructure	Cognition	added	San Francisco
https://jobs.lever.co/mistral/a73cb128-b07e-437c-b82d-57b06661c52b	2026-07-06	lever-api	Applied AI, Forward Deployed Machine Learning Engineer - Montreal	Mistral AI	added	Montreal
https://jobs.lever.co/mistral/0b476d3a-5f0c-4dda-9a5e-bd5ed8515328	2026-07-06	lever-api	Applied AI, Forward Deployed Machine Learning Engineer - Palo Alto	Mistral AI	added	Palo Alto
https://jobs.lever.co/mistral/ebfdc0da-13fd-4ae9-9861-bedb5ff493ea	2026-07-06	lever-api	Applied AI, Technical Lead - Forward Deployed AI Engineer	Mistral AI	added	New York
https://jobs.lever.co/mistral/042d7b29-279b-48e2-a44b-c7bdc3180dab	2026-07-06	lever-api	Applied AI, Technical Lead, Forward Deployed AI Engineer - Montreal	Mistral AI	added	Montreal
https://jobs.lever.co/mistral/37f53ee5-dd88-43e3-be6a-70e3db159c8f	2026-07-06	lever-api	Research Engineer, Data Infrastructure	Mistral AI	added	Palo Alto
https://jobs.lever.co/mistral/bada0014-0f32-4370-b55f-81c5595c7339	2026-07-06	lever-api	Research Engineer, Machine Learning	Mistral AI	added	Palo Alto
https://jobs.lever.co/zoox/9ab192af-3480-40a7-9ff3-f81061ac6301	2026-07-06	lever-api	Data Scientist - Perception Verification and Validation	Zoox	added	Boston, MA
https://jobs.lever.co/zoox/8664c340-71df-4803-a91e-c2d3d289f019	2026-07-06	lever-api	Senior Data Scientist - Data for Perception Machine Learning	Zoox	added	Boston, MA
https://jobs.lever.co/zoox/1ff0f89b-77ec-4e86-927e-7098c377581f	2026-07-06	lever-api	Senior Staff Machine Learning Engineer - Perception	Zoox	added	Boston, MA
https://www.amazon.jobs/en/jobs/10454097/applied-scientist-safe-rl-robotics-saf-lab	2026-07-06	amazon-api	Applied Scientist, Safe RL, Robotics, SAF Lab	Amazon.com Services LLC	added	Pasadena, California, USA
https://www.amazon.jobs/en/jobs/10433379/member-of-technical-staff-science-frontier-ai-robotics-far	2026-07-06	amazon-api	Member of Technical Staff - Science, Frontier AI & Robotics (FAR)	Amazon.com Services LLC	added	San Francisco, California, USA
https://www.amazon.jobs/en/jobs/10434789/applied-scientist-ml-and-robotics	2026-07-06	amazon-api	Applied Scientist - ML and Robotics	Amazon.com Services LLC	added	North Reading, Massachusetts, USA
https://www.amazon.jobs/en/jobs/10424277/member-of-technical-staff-hardware-science-frontier-ai-robotics-far	2026-07-06	amazon-api	Member Of Technical Staff - Hardware Science, Frontier AI & Robotics (FAR)	Amazon.com Services LLC	added	San Francisco, California, USA
https://www.amazon.jobs/en/jobs/10421569/robotics-ai-motor-control-scientist-fauna	2026-07-06	amazon-api	Robotics/AI Motor Control Scientist, Fauna	Amazon.com Services LLC	added	New York, New York, USA
https://www.amazon.jobs/en/jobs/10418413/member-of-technical-staff-robot-manipulation-learning-frontier-ai-robotics	2026-07-06	amazon-api	Member of Technical Staff - Robot Manipulation & Learning, Frontier AI Robotics	Amazon.com Services LLC	added	San Francisco, California, USA
https://www.amazon.jobs/en/jobs/10398955/sr-sde-robot-manipulation-learning-frontier-ai-robotics	2026-07-06	amazon-api	Sr. SDE - Robot Manipulation & Learning, Frontier AI Robotics	Amazon.com Services LLC	added	San Francisco, California, USA
https://www.amazon.jobs/en/jobs/10456549/software-development-engineer-robotics-simulation-amazon-robotics-r-d	2026-07-06	amazon-api	Software Development Engineer - Robotics Simulation, Amazon Robotics R&D	Amazon.com Services LLC	added	Boston, Massachusetts, USA
https://www.amazon.jobs/en/jobs/10456541/software-development-engineer-infrastructure-for-simulation-and-science	2026-07-06	amazon-api	Software Development Engineer, Infrastructure for Simulation and Science	Amazon.com Services LLC	added	Westboro, Wisconsin, USA
https://www.amazon.jobs/en/jobs/10416476/sr-applied-scientist-robotics-simulation-amazon-robotics-r-d	2026-07-06	amazon-api	Sr Applied Scientist - Robotics Simulation, Amazon Robotics R&D	Amazon.com Services LLC	added	Westboro, Wisconsin, USA
https://weworkremotely.com/remote-jobs/dataannotation-tech-ft-pt-remote-ai-prompt-engineering-evaluation-will-train	2026-07-06	weworkremotely-api	FT/PT Remote AI Prompt Engineering & Evaluation - Will Train	DataAnnotation.tech	added	USA Only
https://remoteOK.com/remote-jobs/remote-senior-ai-engineer-architect-lemon-io-1134396	2026-07-06	remoteok-api	Senior AI Engineer Architect	Lemon.io	added	
https://nvidia.wd5.myworkdayjobs.com/NVIDIAExternalCareerSite/job/US-CA-Santa-Clara/Senior-Physics-Machine-Learning-Engineer---CAE_JR2012866	2026-07-06	workday-api	Senior Physics-Machine Learning Engineer - CAE	NVIDIA	added	US, CA, Santa Clara
https://nvidia.wd5.myworkdayjobs.com/NVIDIAExternalCareerSite/job/US-CA-Santa-Clara/Robotics-Software-Engineer---Robot-Simulation-and-Benchmarking_JR2020637	2026-07-06	workday-api	Robotics Software Engineer - Robot Simulation and Benchmarking	NVIDIA	added	US, CA, Santa Clara
https://nvidia.wd5.myworkdayjobs.com/NVIDIAExternalCareerSite/job/US-CA-Santa-Clara/Senior-Applied-Research-Scientist_JR2020724	2026-07-06	workday-api	Senior Applied Research Scientist	NVIDIA	added	US, CA, Santa Clara
https://nvidia.wd5.myworkdayjobs.com/NVIDIAExternalCareerSite/job/US-CA-Santa-Clara/Senior-SOCD-Applied-AI-Engineer_JR2020550	2026-07-06	workday-api	Senior SOCD Applied AI Engineer	NVIDIA	added	US, CA, Santa Clara
https://nvidia.wd5.myworkdayjobs.com/NVIDIAExternalCareerSite/job/US-CA-Santa-Clara/Senior-Applied-LLM-Engineer--AI---Chip-Design_JR1989138	2026-07-06	workday-api	Senior Software Engineer - Agentic AI	NVIDIA	added	US, CA, Santa Clara
https://nvidia.wd5.myworkdayjobs.com/NVIDIAExternalCareerSite/job/US-CA-Santa-Clara/Deep-Learning-Product-Research-Engineer---Product-Innovation_JR2019404	2026-07-06	workday-api	Deep Learning Product Research Engineer - Product Innovation	NVIDIA	added	US, CA, Santa Clara
https://nvidia.wd5.myworkdayjobs.com/NVIDIAExternalCareerSite/job/US-CA-Santa-Clara/Deep-Learning-Product-Research-Engineer_JR2019482	2026-07-06	workday-api	Deep Learning Product Research Engineer	NVIDIA	added	US, CA, Santa Clara
https://nvidia.wd5.myworkdayjobs.com/NVIDIAExternalCareerSite/job/US-CA-Santa-Clara/Senior-Applied-AI-Researcher--Digital-Biology_JR2018564	2026-07-06	workday-api	Senior Applied AI Researcher, Digital Biology	NVIDIA	added	US, CA, Santa Clara
https://nvidia.wd5.myworkdayjobs.com/NVIDIAExternalCareerSite/job/US-CA-Santa-Clara/Senior-Manager--Robotics-Quality-Assurance_JR2003248	2026-07-06	workday-api	Senior Manager, Robotics Quality Assurance	NVIDIA	added	US, CA, Santa Clara
https://nvidia.wd5.myworkdayjobs.com/NVIDIAExternalCareerSite/job/US-CA-Santa-Clara/Senior-Software-Manager--Agentic-AI_JR2001693	2026-07-06	workday-api	Senior Software Manager, Agentic AI	NVIDIA	added	US, CA, Santa Clara
https://nvidia.wd5.myworkdayjobs.com/NVIDIAExternalCareerSite/job/US-CA-Santa-Clara/Offensive-Hardware-Security-Researcher_JR2016209	2026-07-06	workday-api	Offensive Hardware Security Researcher	NVIDIA	added	US, CA, Santa Clara
https://nvidia.wd5.myworkdayjobs.com/NVIDIAExternalCareerSite/job/US-CA-Santa-Clara/Senior-Applied-AI-Engineer--Product-Simulation_JR2018441	2026-07-06	workday-api	Senior Applied AI Engineer, Product Simulation	NVIDIA	added	US, CA, Santa Clara
https://nvidia.wd5.myworkdayjobs.com/NVIDIAExternalCareerSite/job/US-CA-Santa-Clara/Senior-Robotics-Systems-Engineer---Neural-Reconstruction-and-Real2Sim-Applications_JR2020173	2026-07-06	workday-api	Senior Robotics Systems Engineer - Neural Reconstruction and Real2Sim Applications	NVIDIA	added	US, CA, Santa Clara
https://nvidia.wd5.myworkdayjobs.com/NVIDIAExternalCareerSite/job/US-CA-Santa-Clara/Senior-Deep-Learning-Performance-Architect_JR2020181-1	2026-07-06	workday-api	Senior Deep Learning Performance Architect	NVIDIA	added	US, CA, Santa Clara
https://nvidia.wd5.myworkdayjobs.com/NVIDIAExternalCareerSite/job/US-CA-Santa-Clara/Senior-Infrastructure-Software-Engineer--Deep-Learning-Libraries_JR2020105	2026-07-06	workday-api	Senior Infrastructure Software Engineer, Deep Learning Libraries	NVIDIA	added	US, CA, Santa Clara
https://nvidia.wd5.myworkdayjobs.com/NVIDIAExternalCareerSite/job/US-CA-Santa-Clara/Engineering-Manager--LLM-Performance_JR2019950	2026-07-06	workday-api	Engineering Manager, LLM Performance	NVIDIA	added	US, CA, Santa Clara
https://nvidia.wd5.myworkdayjobs.com/NVIDIAExternalCareerSite/job/US-CA-Santa-Clara/Principal-Deep-Learning-Engineer---Perception--Autonomous-Driving_JR2014770	2026-07-06	workday-api	Principal Deep Learning Engineer – Perception, Autonomous Driving	NVIDIA	added	US, CA, Santa Clara
https://nvidia.wd5.myworkdayjobs.com/NVIDIAExternalCareerSite/job/US-CA-Santa-Clara/ML-and-Agentic-Systems-Engineer_JR2015108	2026-07-06	workday-api	ML and Agentic Systems Engineer	NVIDIA	added	US, CA, Santa Clara
https://nvidia.wd5.myworkdayjobs.com/NVIDIAExternalCareerSite/job/US-CA-Santa-Clara/Developer-Relations-Manager--Physical-AI-Healthcare_JR2018805	2026-07-06	workday-api	Developer Relations Manager, Healthcare Robotics	NVIDIA	added	US, CA, Santa Clara
https://nvidia.wd5.myworkdayjobs.com/NVIDIAExternalCareerSite/job/US-CA-Santa-Clara/Senior-Developer-Relations-Manager---AgentOps_JR2014797	2026-07-06	workday-api	Engagement Tech Lead, Developer Relations - AI Agents	NVIDIA	added	US, CA, Santa Clara
https://nvidia.wd5.myworkdayjobs.com/NVIDIAExternalCareerSite/job/US-CA-Santa-Clara/Senior-Customer-Safety-Engineer---Automotive_JR2018983	2026-07-06	workday-api	Senior Customer Safety Engineer - Automotive	NVIDIA	added	US, CA, Santa Clara
https://nvidia.wd5.myworkdayjobs.com/NVIDIAExternalCareerSite/job/US-CA-Santa-Clara/Regulatory-Compliance-Engineer---Electrical-Safety_JR2016549	2026-07-06	workday-api	Regulatory Compliance Engineer – Electrical Safety	NVIDIA	added	US, CA, Santa Clara
https://nvidia.wd5.myworkdayjobs.com/NVIDIAExternalCareerSite/job/US-CA-Santa-Clara/Research-Scientist--Efficient-Deep-Learning---New-College-Grad-2026_JR2019729-1	2026-07-06	workday-api	Research Scientist, Efficient Deep Learning - New College Grad 2026	NVIDIA	added	US, CA, Santa Clara
https://nvidia.wd5.myworkdayjobs.com/NVIDIAExternalCareerSite/job/US-CA-Santa-Clara/Senior-Software-Engineer---Autonomous-Driving-Simulation_JR2019292	2026-07-06	workday-api	Senior Software Engineer - Autonomous Driving Simulation	NVIDIA	added	US, CA, Santa Clara
https://nvidia.wd5.myworkdayjobs.com/NVIDIAExternalCareerSite/job/US-CA-Santa-Clara/Senior-Software-Engineer--Deep-Learning-Inference---TensorRT_JR2013020	2026-07-06	workday-api	Senior Software Engineer, Deep Learning Inference - TensorRT	NVIDIA	added	US, CA, Santa Clara
https://nvidia.wd5.myworkdayjobs.com/NVIDIAExternalCareerSite/job/US-WA-Redmond/Senior-Research-Scientist--Rendering_JR2019582	2026-07-06	workday-api	Senior Research Scientist, Rendering	NVIDIA	added	US, WA, Redmond
https://nvidia.wd5.myworkdayjobs.com/NVIDIAExternalCareerSite/job/US-CA-Santa-Clara/Senior-Machine-Learning-Engineer--End-to-End-Autonomous-Driving_JR2016052	2026-07-06	workday-api	Senior Machine Learning Engineer, End‑to‑End Autonomous Driving	NVIDIA	added	US, CA, Santa Clara
https://nvidia.wd5.myworkdayjobs.com/NVIDIAExternalCareerSite/job/US-CA-Santa-Clara/Principal-Software-Engineer---Agentic-AI-Applications-and-Foundations_JR2015726	2026-07-06	workday-api	Principal Software Engineer — Agentic AI Applications and Foundations	NVIDIA	added	US, CA, Santa Clara
https://nvidia.wd5.myworkdayjobs.com/NVIDIAExternalCareerSite/job/US-CA-Santa-Clara/Senior-Research-Manager--World-Model-Evaluation_JR2019461	2026-07-06	workday-api	Senior Research Manager, World Model Evaluation	NVIDIA	added	US, CA, Santa Clara
https://nvidia.wd5.myworkdayjobs.com/NVIDIAExternalCareerSite/job/US-MA-Remote/Senior-Software-Engineer---Developer-Tools-for-Deep-Learning_JR2013176	2026-07-06	workday-api	Senior Software Engineer - Developer Tools for Deep Learning	NVIDIA	added	US, MA, Remote
https://nvidia.wd5.myworkdayjobs.com/NVIDIAExternalCareerSite/job/US-CA-Santa-Clara/Senior-Applied-Machine-Learning-Engineer---VLSI-Design_JR2014328	2026-07-06	workday-api	Senior Applied Machine Learning Engineer - VLSI Design	NVIDIA	added	US, CA, Santa Clara
https://nvidia.wd5.myworkdayjobs.com/NVIDIAExternalCareerSite/job/US-CA-Santa-Clara/Research-Scientist--Electronic-Design-Automation---New-College-Grad-2026_JR2012979	2026-07-06	workday-api	Research Scientist, Electronic Design Automation - New College Grad 2026	NVIDIA	added	US, CA, Santa Clara
https://nvidia.wd5.myworkdayjobs.com/NVIDIAExternalCareerSite/job/US-CA-Santa-Clara/Senior-Research-Engineer---Video-Search_JR2016655	2026-07-06	workday-api	Senior Research Engineer - Video Search	NVIDIA	added	US, CA, Santa Clara
https://nvidia.wd5.myworkdayjobs.com/NVIDIAExternalCareerSite/job/US-CA-Santa-Clara/Software-Engineering-Manager--Robotics-Neural-Reconstruction-and-Real2Sim-Applications_JR2019107	2026-07-06	workday-api	Software Engineering Manager, Robotics Neural Reconstruction and Real2Sim Applications	NVIDIA	added	US, CA, Santa Clara
https://nvidia.wd5.myworkdayjobs.com/NVIDIAExternalCareerSite/job/US-CA-Santa-Clara/Applied-AI-Engineer---VLSI-Design_JR2019190	2026-07-06	workday-api	Applied AI Engineer - VLSI Design	NVIDIA	added	US, CA, Santa Clara
https://nvidia.wd5.myworkdayjobs.com/NVIDIAExternalCareerSite/job/US-CA-Santa-Clara/Senior-ASIC-AI-Engineer_JR2019195	2026-07-06	workday-api	Senior ASIC AI Engineer	NVIDIA	added	US, CA, Santa Clara
https://nvidia.wd5.myworkdayjobs.com/NVIDIAExternalCareerSite/job/Germany-Remote/Senior-Research-Scientist_JR2019164-1	2026-07-06	workday-api	Senior Research Scientist	NVIDIA	added	Germany, Remote
https://nvidia.wd5.myworkdayjobs.com/NVIDIAExternalCareerSite/job/US-CA-Santa-Clara/Senior-AI-Architect--Foundation-Models-and-SoC-Co-Design---Autonomous-Vehicles_JR2018387	2026-07-06	workday-api	Senior AI Architect, Foundation Models and SoC Co-Design – Autonomous Vehicles	NVIDIA	added	US, CA, Santa Clara
https://nvidia.wd5.myworkdayjobs.com/NVIDIAExternalCareerSite/job/US-CA-Santa-Clara/GPU-Simulation-System-Software-Engineer_JR2018237	2026-07-06	workday-api	GPU Simulation System Software Engineer	NVIDIA	added	US, CA, Santa Clara
https://nvidia.wd5.myworkdayjobs.com/NVIDIAExternalCareerSite/job/US-CA-Santa-Clara/Senior-Software-Engineer---MD-Simulation-Engineering_JR2018333	2026-07-06	workday-api	Senior Software Engineer — MD Simulation Engineering	NVIDIA	added	US, CA, Santa Clara
https://nvidia.wd5.myworkdayjobs.com/NVIDIAExternalCareerSite/job/UK-Remote/Senior-Quantum-Algorithm-Researcher_JR2012666-1	2026-07-06	workday-api	Senior Quantum Algorithm Researcher	NVIDIA	added	UK, Remote
https://nvidia.wd5.myworkdayjobs.com/NVIDIAExternalCareerSite/job/US-CA-Santa-Clara/Manager--Molecular-Simulation-Engineering_JR2018328	2026-07-06	workday-api	Manager, Molecular Simulation Engineering	NVIDIA	added	US, CA, Santa Clara
https://nvidia.wd5.myworkdayjobs.com/NVIDIAExternalCareerSite/job/US-CA-Santa-Clara/Senior-Perception-Engineer--Obstacle-Foundation-Models---Autonomous-Vehicles_JR2014462	2026-07-06	workday-api	Senior Perception Engineer, Obstacle Foundation Models - Autonomous Vehicles	NVIDIA	added	US, CA, Santa Clara
https://nvidia.wd5.myworkdayjobs.com/NVIDIAExternalCareerSite/job/US-CA-Santa-Clara/Principal-Machine-Learning-Engineer--Accelerated-Apache-Spark_JR2018591	2026-07-06	workday-api	Principal Machine Learning Engineer, Accelerated Apache Spark	NVIDIA	added	US, CA, Santa Clara
https://nvidia.wd5.myworkdayjobs.com/NVIDIAExternalCareerSite/job/US-CA-Santa-Clara/Developer-Advocate---Robotics-and-Physical-AI_JR2018319	2026-07-06	workday-api	Developer Advocate – Robotics and Physical AI	NVIDIA	added	US, CA, Santa Clara
https://nvidia.wd5.myworkdayjobs.com/NVIDIAExternalCareerSite/job/US-CA-Santa-Clara/Senior-Software-Engineer---Simulation_JR2018096	2026-07-06	workday-api	Senior Software Engineer - Simulation	NVIDIA	added	US, CA, Santa Clara
https://nvidia.wd5.myworkdayjobs.com/NVIDIAExternalCareerSite/job/US-CA-Santa-Clara/Senior-DevOps-Engineer---Robotics_JR2014821	2026-07-06	workday-api	Senior DevOps Engineer - Robotics	NVIDIA	added	US, CA, Santa Clara
https://nvidia.wd5.myworkdayjobs.com/NVIDIAExternalCareerSite/job/US-CA-Santa-Clara/Senior-Architect--Simulation-Kernel-Modelling_JR2017737	2026-07-06	workday-api	Senior Architect, Simulation Kernel Modelling	NVIDIA	added	US, CA, Santa Clara
https://nvidia.wd5.myworkdayjobs.com/NVIDIAExternalCareerSite/job/US-CA-Santa-Clara/Senior-Research-Engineer--Robotics-Systems_JR2017450	2026-07-06	workday-api	Senior Research Engineer, Robotics Systems	NVIDIA	added	US, CA, Santa Clara
https://nvidia.wd5.myworkdayjobs.com/NVIDIAExternalCareerSite/job/US-CA-Santa-Clara/Parking-Perception-DNN-Engineer_JR2014623	2026-07-06	workday-api	Senior Perception Engineer - Autonomous Vehicles	NVIDIA	added	US, CA, Santa Clara
https://nvidia.wd5.myworkdayjobs.com/NVIDIAExternalCareerSite/job/US-CA-Santa-Clara/Mechanical-Optical-Simulation-Engineer_JR2017643	2026-07-06	workday-api	Mechanical Optical Simulation Engineer	NVIDIA	added	US, CA, Santa Clara
https://nvidia.wd5.myworkdayjobs.com/NVIDIAExternalCareerSite/job/US-CA-Santa-Clara/Senior-Staff-Software-Engineer---AI-Agent-Platform_JR2016997	2026-07-06	workday-api	Senior Staff Software Engineer - AI Agent Platform	NVIDIA	added	US, CA, Santa Clara
https://nvidia.wd5.myworkdayjobs.com/NVIDIAExternalCareerSite/job/US-CA-Santa-Clara/Senior-Research-Scientist--AI-Mediated-Reality-and-Interaction_JR2017531	2026-07-06	workday-api	Senior Research Scientist, AI-Mediated Reality and Interaction	NVIDIA	added	US, CA, Santa Clara
https://nvidia.wd5.myworkdayjobs.com/NVIDIAExternalCareerSite/job/US-CA-Santa-Clara/Senior-Product-Manager--Local-AI-and-Agents-for-Enterprise_JR2016964	2026-07-06	workday-api	Senior Product Manager, Local AI and Agents for Enterprise	NVIDIA	added	US, CA, Santa Clara
https://nvidia.wd5.myworkdayjobs.com/NVIDIAExternalCareerSite/job/US-CA-Santa-Clara/Senior-Research-Scientist--Multimodal-Foundation-Models-and-Robotics_JR2017288	2026-07-06	workday-api	Senior Research Scientist, Multimodal Foundation Models and Robotics	NVIDIA	added	US, CA, Santa Clara
https://nvidia.wd5.myworkdayjobs.com/NVIDIAExternalCareerSite/job/US-CA-Santa-Clara/Senior-Research-Engineer---AI-Coding-Tools_JR2017020	2026-07-06	workday-api	Senior Research Engineer - AI Coding Tools	NVIDIA	added	US, CA, Santa Clara
https://nvidia.wd5.myworkdayjobs.com/NVIDIAExternalCareerSite/job/US-CA-Santa-Clara/Product-Manager--AI-Platform-SW---Agentic-AI-Kernel-Generation_JR2016992	2026-07-06	workday-api	Product Manager, AI Platform SW - Agentic AI Kernel Generation	NVIDIA	added	US, CA, Santa Clara
https://nvidia.wd5.myworkdayjobs.com/NVIDIAExternalCareerSite/job/US-CA-Santa-Clara/Principal-High-Performance-LLM-Training-Engineer_JR2017016	2026-07-06	workday-api	Principal High-Performance LLM Training Engineer	NVIDIA	added	US, CA, Santa Clara
https://nvidia.wd5.myworkdayjobs.com/NVIDIAExternalCareerSite/job/US-CA-Santa-Clara/Principal-Cyber-Security-Engineer---Agentic-Identity-and-Security_JR2016696	2026-07-06	workday-api	Principal Cyber Security Engineer - Agentic Identity and Security	NVIDIA	added	US, CA, Santa Clara
https://nvidia.wd5.myworkdayjobs.com/NVIDIAExternalCareerSite/job/US-CA-Santa-Clara/Manager--Deep-Learning---Autonomous-Vehicles-and-Robotics_JR2016768	2026-07-06	workday-api	Manager, Deep Learning – Autonomous Vehicles and Robotics	NVIDIA	added	US, CA, Santa Clara
https://nvidia.wd5.myworkdayjobs.com/NVIDIAExternalCareerSite/job/US-CA-Santa-Clara/Senior-Software-Engineer--Humanoid-Robotics_JR2005063	2026-07-06	workday-api	Senior Software Engineer, Humanoid Robotics	NVIDIA	added	US, CA, Santa Clara
https://nvidia.wd5.myworkdayjobs.com/NVIDIAExternalCareerSite/job/US-CA-Santa-Clara/Senior-Staff-Software-Engineer---Agentic-Automation_JR2016660	2026-07-06	workday-api	Senior Staff Software Engineer - Agentic Automation	NVIDIA	added	US, CA, Santa Clara
https://nvidia.wd5.myworkdayjobs.com/NVIDIAExternalCareerSite/job/US-CA-Santa-Clara/Senior-Machine-Learning-and-Simulation-Engineer---Autonomous-Vehicles_JR2010863	2026-07-06	workday-api	Senior Machine Learning and Simulation Engineer - Autonomous Vehicles	NVIDIA	added	US, CA, Santa Clara
https://nvidia.wd5.myworkdayjobs.com/NVIDIAExternalCareerSite/job/US-CA-Santa-Clara/Senior-Developer-Relations-Manager--Robotics-Physics-and-Simulation_JR2016405	2026-07-06	workday-api	Senior Developer Relations Manager, Robotics Physics and Simulation	NVIDIA	added	US, CA, Santa Clara
https://nvidia.wd5.myworkdayjobs.com/NVIDIAExternalCareerSite/job/US-CA-Santa-Clara/Research-Scientist--Generative-AI-for-Physical-AI---PhD-New-College-Grad-2026_JR2016032	2026-07-06	workday-api	Research Scientist, Generative AI for Physical AI - PhD New College Grad 2026	NVIDIA	added	US, CA, Santa Clara
https://nvidia.wd5.myworkdayjobs.com/NVIDIAExternalCareerSite/job/US-CA-Santa-Clara/Senior-Software-Engineer--Machine-Learning-Inference_JR2016047	2026-07-06	workday-api	Senior Software Engineer, Machine Learning Inference	NVIDIA	added	US, CA, Santa Clara
https://nvidia.wd5.myworkdayjobs.com/NVIDIAExternalCareerSite/job/US-CA-Santa-Clara/Autonomous-Agent-Engineer_JR2015607	2026-07-06	workday-api	Autonomous Agent Engineer	NVIDIA	added	US, CA, Santa Clara
https://nvidia.wd5.myworkdayjobs.com/NVIDIAExternalCareerSite/job/US-CA-Santa-Clara/Senior-Robotics-Research-Engineer--Robotics-and-AI-for-Drug-Discovery_JR2016068	2026-07-06	workday-api	Senior Robotics Research Engineer, Robotics and AI for Drug Discovery	NVIDIA	added	US, CA, Santa Clara
https://nvidia.wd5.myworkdayjobs.com/NVIDIAExternalCareerSite/job/US-CA-Santa-Clara/Senior-High-Performance-LLM-Training-Engineer_JR2015813	2026-07-06	workday-api	Senior High-Performance LLM Training Engineer	NVIDIA	added	US, CA, Santa Clara
https://nvidia.wd5.myworkdayjobs.com/NVIDIAExternalCareerSite/job/US-CA-Santa-Clara/Solutions-Architect--LLM-Model-Builder_JR2015684-1	2026-07-06	workday-api	Solutions Architect, LLM Model Builder	NVIDIA	added	US, CA, Santa Clara
https://nvidia.wd5.myworkdayjobs.com/NVIDIAExternalCareerSite/job/US-CA-Santa-Clara/Senior-Research-Scientist--Fundamental-Generative-AI_JR2013039	2026-07-06	workday-api	Senior Research Scientist, Fundamental Generative AI	NVIDIA	added	US, CA, Santa Clara
https://nvidia.wd5.myworkdayjobs.com/NVIDIAExternalCareerSite/job/US-CA-Santa-Clara/Agent-RL-Infra-Engineer_JR2015309	2026-07-06	workday-api	Agent RL Infra Engineer	NVIDIA	added	US, CA, Santa Clara
https://nvidia.wd5.myworkdayjobs.com/NVIDIAExternalCareerSite/job/US-CA-Santa-Clara/SeniorManager--Machine-Learning-Ops-Engineering---Automotive_JR2015168	2026-07-06	workday-api	Senior Manager, Machine Learning Ops Engineering - Automotive	NVIDIA	added	US, CA, Santa Clara
https://nvidia.wd5.myworkdayjobs.com/NVIDIAExternalCareerSite/job/US-CA-Santa-Clara/Senior-Technical-Program-Manager--Agentic-AI_JR2015196	2026-07-06	workday-api	Senior Technical Program Manager, Agentic AI	NVIDIA	added	US, CA, Santa Clara
https://goodstartlabs.com/careers/research-scientist	2026-07-05	manual — user tip	Research Scientist	Goodstart Labs	added	Toronto/NYC
https://goodstartlabs.com/careers/research-lead	2026-07-05	manual — user tip	Research Lead	Goodstart Labs	added	Toronto/NYC
https://job-boards.greenhouse.io/figureai/jobs/4649851006	2026-07-05	websearch	Helix AI Engineer, Robot Learning	Figure AI	added	San Jose, CA
https://job-boards.greenhouse.io/figureai/jobs/4671707006	2026-07-05	websearch	Helix AI Engineer, Reinforcement Learning	Figure AI	added	San Jose, CA
https://job-boards.greenhouse.io/figureai/jobs/4671442006	2026-07-05	websearch	Reinforcement Learning Engineer – Whole Body Control	Figure AI	added	San Jose, CA
https://job-boards.greenhouse.io/figureai/jobs/4671712006	2026-07-05	websearch	Helix AI Engineer, Modeling	Figure AI	added	San Jose, CA
https://job-boards.greenhouse.io/figureai/jobs/4007375006	2026-07-05	websearch	Helix AI Engineer, Perception	Figure AI	added	San Jose, CA
https://job-boards.greenhouse.io/figureai/jobs/4671699006	2026-07-05	websearch	Helix AI Engineer, Generative AI	Figure AI	added	San Jose, CA
https://job-boards.greenhouse.io/figureai/jobs/4671704006	2026-07-05	websearch	Helix AI Engineer, Pretraining	Figure AI	added	San Jose, CA
https://job-boards.greenhouse.io/figureai/jobs/4671703006	2026-07-05	websearch	Helix AI Engineer, Video Pretraining	Figure AI	added	San Jose, CA
https://job-boards.greenhouse.io/figureai/jobs/4659175006	2026-07-05	websearch	Helix AI Engineer, Agentic Systems	Figure AI	added	San Jose, CA
https://job-boards.greenhouse.io/skildai-careers/jobs/4407015008	2026-07-05	websearch	Research Engineer	Skild AI	added	Pittsburgh, San Mateo
https://job-boards.greenhouse.io/skildai-careers/jobs/4091494008	2026-07-05	websearch	Research Engineer, Post-training & Deployment	Skild AI	added	San Mateo, CA
https://job-boards.greenhouse.io/skildai-careers/jobs/4133795008	2026-07-05	websearch	Research Scientist	Skild AI	added	Pittsburgh, San Mateo
https://job-boards.greenhouse.io/skildai-careers/jobs/4125333008	2026-07-05	websearch	Machine Learning Engineer, Reinforcement Learning	Skild AI	added	Pittsburgh, San Mateo
https://job-boards.greenhouse.io/skildai-careers/jobs/4408092008	2026-07-05	websearch	Deep Learning Manipulation Engineer	Skild AI	added	Pittsburgh, San Mateo
https://job-boards.greenhouse.io/skildai-careers/jobs/4919028008	2026-07-05	websearch	Machine Learning Engineer	Skild AI	added	San Mateo, Pittsburgh
https://job-boards.greenhouse.io/skildai-careers/jobs/5248733008	2026-07-05	websearch	Research Robotics/Computer Vision Engineer	Skild AI	added	San Mateo
https://job-boards.greenhouse.io/skildai-careers/jobs/4136372008	2026-07-05	websearch	Robotics Engineer, Manipulation	Skild AI	added	San Mateo, CA
https://job-boards.greenhouse.io/thinkingmachines/jobs/5013930008	2026-07-05	websearch	Research Engineer, Infrastructure, RL Systems	Thinking Machines Lab	added	San Francisco
https://job-boards.greenhouse.io/thinkingmachines/jobs/5013932008	2026-07-05	websearch	Research Engineer, Infrastructure, Training Systems	Thinking Machines Lab	added	San Francisco
https://job-boards.greenhouse.io/thinkingmachines/jobs/4991302008	2026-07-05	websearch	Research, Post-Training	Thinking Machines Lab	added	San Francisco
https://job-boards.greenhouse.io/thinkingmachines/jobs/5002056008	2026-07-05	websearch	Research, Post-Training Data	Thinking Machines Lab	added	San Francisco
https://job-boards.greenhouse.io/thinkingmachines/jobs/5202369008	2026-07-05	websearch	Research Engineer, Tinker, Developer Experience	Thinking Machines Lab	added	San Francisco
https://job-boards.greenhouse.io/thealleninstitute/jobs/7848623	2026-07-05	websearch	Research Scientist, Robotics	Allen Institute for AI (Ai2)	added	Seattle, WA
https://job-boards.greenhouse.io/thealleninstitute/jobs/7848655	2026-07-05	websearch	Robotics Engineer	Allen Institute for AI (Ai2)	added	Seattle, WA
https://job-boards.greenhouse.io/thealleninstitute/jobs/7899565	2026-07-05	websearch	Research Engineer, Asta	Allen Institute for AI (Ai2)	added	Seattle, WA
https://job-boards.greenhouse.io/thealleninstitute/jobs/7819106	2026-07-05	websearch	Research Engineer, FlexOlmo	Allen Institute for AI (Ai2)	added	Seattle, WA
https://job-boards.greenhouse.io/thealleninstitute/jobs/7723570	2026-07-05	websearch	Research Scientist, Asta	Allen Institute for AI (Ai2)	added	Seattle, WA
https://job-boards.greenhouse.io/thealleninstitute/jobs/7980660	2026-07-05	websearch	Senior Research Engineer, Olmo + Molmo	Allen Institute for AI (Ai2)	added	Seattle, WA
https://jobs.lever.co/metr/93baec4d-1e47-40f7-9990-6d7fef12da00	2026-07-05	websearch	Member of Technical Staff, Evaluation Execution	METR	added	Berkeley, CA
https://jobs.lever.co/apolloresearch/3628de77-7641-44b7-b80f-28c4a7a68abf	2026-07-05	websearch	Applied Researcher (Product)	Apollo Research	added	London / San Francisco
https://jobs.ashbyhq.com/PrimeIntellect/ee13090e-3fea-40f0-b785-19316f52bf08	2026-07-05	websearch	Research Engineer - Reinforcement Learning	Prime Intellect	added	San Francisco / Remote
https://jobs.ashbyhq.com/PrimeIntellect/05e4b76b-2570-4c89-baf2-9833fff7378f	2026-07-05	websearch	Research Engineer - RL Infrastructure	Prime Intellect	added	San Francisco / Remote
https://jobs.ashbyhq.com/reflectionai/13e02dca-e042-4ad0-bbbe-be6b09a98211	2026-07-05	websearch	Member of Technical Staff - Post-Training	Reflection AI	added	San Francisco
https://jobs.ashbyhq.com/dyna-robotics/357b1b23-0712-489e-b336-1462f186cba7	2026-07-05	websearch	Research Engineer / Scientist	Dyna Robotics	added	Redwood City, CA
https://jobs.ashbyhq.com/Gray%20Swan%20AI/3d7e2604-92c1-4c93-b168-0683ed2990d1	2026-07-05	websearch	Machine Learning Engineer	Gray Swan AI	added	Pittsburgh / Remote
https://jobs.lever.co/ambirobotics/c0e8416b-9b1a-4cc1-a3d8-bc63a83c538a	2026-07-05	websearch	Senior Robotics Research Engineer	Ambi Robotics	added	Berkeley, CA
https://jobs.lever.co/waabi/17dda427-f822-4e89-bff7-2b9541fb3a9d	2026-07-05	websearch	Research Scientist	Waabi	added	Toronto, ON
https://job-boards.greenhouse.io/haizelabs/jobs/4070038008	2026-07-05	websearch	Applied Researcher	Haize Labs	added	New York City / San Francisco
https://job-boards.greenhouse.io/worldlabs/jobs/4113005009	2026-07-05	websearch	Research Engineer / Scientist (3D Reconstruction)	World Labs	added	San Francisco
https://jobs.lever.co/rai/e0a9739f-8ffd-438a-b4bb-c7a0ab23fde5	2026-07-05	websearch	Research Scientist	RAI Institute	added	Cambridge, MA
https://jobs.lever.co/rai/395d3fb0-d03d-41d5-b0e0-56300f5b48a9	2026-07-05	websearch	Applied Scientist	RAI Institute	added	Cambridge, MA
https://www.metacareers.com/jobs/2100783380384657	2026-07-05	websearch	Research Engineer (Robotics) - World Modelling, FAIR	Meta AI	added	Menlo Park, CA
https://www.metacareers.com/jobs/677081451547385	2026-07-05	websearch	Research Engineer (Robotics), FAIR	Meta AI	added	Menlo Park, CA
https://www.metacareers.com/v2/jobs/1093551845379852/	2026-07-05	websearch	AI Research Scientist, Fundamental - Embodied AI/Robotics, FAIR	Meta AI	added	Menlo Park, CA
https://jobs.careers.microsoft.com/global/en/job/1796731	2026-07-05	websearch	Research Engineer - Embodied AI/Robotics	Microsoft AI / Research	added	Redmond, WA
https://jobs.careers.microsoft.com/global/en/job/1778613	2026-07-05	websearch	Senior Researcher - Embodied AI/Robotics	Microsoft AI / Research	added	Redmond, WA
https://jobs.careers.microsoft.com/us/en/job/1493648	2026-07-05	websearch	Researcher - Real World Reinforcement Learning	Microsoft AI / Research	added	Redmond, WA
https://cursor.com/careers/software-engineer-ml-research	2026-07-05	websearch	Software Engineer, ML Research	Anysphere (Cursor)	added	San Francisco / New York
https://magic.dev/careers/bcc8d988-47ea-4089-9619-80260abb71b5	2026-07-05	websearch	Research Engineer	Magic	added	San Francisco
https://www.tesla.com/careers/search/job/machine-learning-engineer-motion-planning-autopilot-ai-187690	2026-07-05	websearch	Research Engineer, RL & Imitation Learning, Autopilot AI	Tesla	added	Palo Alto, CA
https://careers.withwaymo.com/jobs/machine-learning-engineer-prediction-planning-san-francisco-california-united-states-mountain-view-new-york-city-new-york	2026-07-05	websearch	Machine Learning Engineer, Prediction & Planning	Waymo	added	Mountain View / SF / NYC
https://surgehq.ai/careers/software-engineer-coding-evaluation-training-data	2026-07-05	websearch	Software Engineer, Coding Evaluation & Training Data	Surge AI	added	Remote
https://www.mechanize.work/apply/software-engineer/	2026-07-05	websearch	Software Engineer (RL environments)	Mechanize	added	San Francisco
https://www.mercor.com/careers/e106399e-d85e-4af2-9bc8-6a0e144f318f/	2026-07-05	websearch	Software Engineer, Applied AI	Mercor	added	San Francisco
https://jobs.ashbyhq.com/physicalintelligence/e4301617-e5fb-413d-bc41-41a2d5e6b67e	2026-07-05	websearch	Robotics Research Engineer	Physical Intelligence	skipped_expired	San Francisco
https://jobs.ashbyhq.com/reflectionai/5299aace-54b6-4caf-a802-1b7edb532ff9	2026-07-05	websearch	Research Engineer	Reflection AI	skipped_expired	San Francisco
https://jobs.ashbyhq.com/periodic-labs/d039ec58-a97d-47e1-b1e5-db003d772f77	2026-07-05	websearch	Research Engineer - Data	Periodic Labs	skipped_expired	San Francisco
https://jobs.ashbyhq.com/periodic-labs/bab1c42a-a0d8-4077-b275-ad8bdf68342b	2026-07-05	websearch	Research Engineer - Midtraining	Periodic Labs	skipped_expired	San Francisco
https://jobs.ashbyhq.com/periodic-labs/02ba0208-cfee-4218-9065-2f81f52d0b17	2026-07-05	websearch	Research Engineer, Lab Automation	Periodic Labs	skipped_expired	San Francisco
https://jobs.ashbyhq.com/handshake/be2d1e3b-9fd6-47bc-a370-11eef3db7c80	2026-07-05	websearch	AI Research Engineer	Handshake AI	skipped_expired	Remote / San Francisco
https://jobs.ashbyhq.com/handshake/b901b0be-967d-4d84-9937-d5c2357972ee	2026-07-05	websearch	AI Research Scientist - Evaluation	Handshake AI	skipped_expired	Remote / San Francisco
https://jobs.lever.co/ChefRobotics/b288c5fd-0b6d-4d2d-a603-4d99d1b1fe3b	2026-07-05	websearch	Senior Perception Engineer	Chef Robotics	skipped_expired	San Francisco
https://jobs.lever.co/metr/0a5e7a88-7e9e-4a06-8d4f-4a6d50352f62	2026-07-05	websearch	Research Engineer/Scientist	METR	skipped_expired	Berkeley, CA
https://jobs.lever.co/apolloresearch/f66ef22f-f96a-42cb-ada9-fd48ce0d5fda	2026-07-05	websearch	Evals Research Scientist / Engineer	Apollo Research	skipped_expired	London / San Francisco
https://jobs.lever.co/apolloresearch/64a79893-84bf-4005-a762-852ee2bcccce	2026-07-05	websearch	Evals Software Engineer	Apollo Research	skipped_expired	London / San Francisco
https://bostondynamics.wd1.myworkdayjobs.com/en-US/Boston_Dynamics/job/Machine-Learning-Research-Scientist--Atlas-Perception_R1548	2026-07-05	websearch	Machine Learning Research Scientist, Atlas Perception	Boston Dynamics	skipped_expired	Waltham, MA
https://bostondynamics.wd1.myworkdayjobs.com/en-US/Boston_Dynamics/job/Research-Scientist--RL-for-Dexterous-Manipulation--Atlas_R2756	2026-07-05	websearch	Research Scientist, RL for Dexterous Manipulation, Atlas	Boston Dynamics	added	Waltham, MA
https://jobs.ashbyhq.com/periodic-labs/d9180228-c113-4d5f-a4d6-793994e50b7c	2026-07-05	periodic board recheck	RL Systems Engineer	Periodic Labs	added	Menlo Park, CA
https://jobs.ashbyhq.com/periodic-labs/5e692aeb-234b-4112-b318-7ff464977303	2026-07-05	periodic board recheck	Research Engineer, Lab Automation	Periodic Labs	added	Menlo Park, CA
https://jobs.ashbyhq.com/periodic-labs/1bab7e17-20fd-4b82-a152-98b96375a626	2026-07-05	periodic board recheck	Forward Deployed Engineer, Physics & Simulation	Periodic Labs	added	Menlo Park, CA
